"","elev","distance","pop","punish","reach","income","camhour.1","camhour.2","camhour.3","camhour.4","camhour.5","camhour.6","camhour.7","camhour.8","camhour.9","camhour.10","camhour.11","camhour.12","camhour.13","camhour.14","camhour.15","camhour.16","camhour.17","camhour.18","camhour.19","camhour.20","camhour.21","camhour.22","camhour.23","camhour.24","camhour.25","camhour.26","camhour.27","camhour.28","camhour.29","camhour.30","camhour.31","camhour.32","camhour.33","camhour.34","camhour.35","camhour.36","camhour.37","camhour.38","camhour.39","camhour.40","camhour.41","camhour.42","camhour.43","camhour.44","camhour.45","camhour.46","camhour.47","camhour.48","camhour.49","camhour.50","camhour.51","camhour.52","camhour.53","camhour.54","camhour.55","camhour.56","camhour.57","cam_angle.1","cam_angle.2","cam_angle.3","cam_angle.4","cam_angle.5","cam_angle.6","cam_angle.7","cam_angle.8","cam_angle.9","cam_angle.10","cam_angle.11","cam_angle.12","cam_angle.13","cam_angle.14","cam_angle.15","cam_angle.16","cam_angle.17","cam_angle.18","cam_angle.19","cam_angle.20","cam_angle.21","cam_angle.22","cam_angle.23","cam_angle.24","cam_angle.25","cam_angle.26","cam_angle.27","cam_angle.28","cam_angle.29","cam_angle.30","cam_angle.31","cam_angle.32","cam_angle.33","cam_angle.34","cam_angle.35","cam_angle.36","cam_angle.37","cam_angle.38","cam_angle.39","cam_angle.40","cam_angle.41","cam_angle.42","cam_angle.43","cam_angle.44","cam_angle.45","cam_angle.46","cam_angle.47","cam_angle.48","cam_angle.49","cam_angle.50","cam_angle.51","cam_angle.52","cam_angle.53","cam_angle.54","cam_angle.55","cam_angle.56","cam_angle.57","park.ind","nsite"
"1",-0.99363351591601,0.748325126206406,-0.656357209332067,0.0625217391304348,-0.596826581491634,0.0574796636308073,-1.32307772156757,0.213636347587414,0.213636347587414,0.213636347587414,0.213636347587414,0.213636347587414,0.213636347587414,0.213636347587414,0.213636347587414,0.213636347587414,0.213636347587414,0.213636347587414,0.213636347587414,0.213636347587414,0.213636347587414,0.213636347587414,0.213636347587414,0.213636347587414,0.213636347587414,0.213636347587414,0.213636347587414,0.213636347587414,-1.43284301222149,NA,NA,NA,NA,NA,NA,NA,NA,NA,NA,NA,NA,NA,NA,NA,NA,NA,NA,NA,NA,NA,NA,NA,NA,NA,NA,NA,NA,NA,NA,NA,NA,NA,NA,1,1,1,1,1,1,1,1,1,1,1,1,1,1,1,1,1,1,1,1,1,1,1,NA,NA,NA,NA,NA,NA,NA,NA,NA,NA,NA,NA,NA,NA,NA,NA,NA,NA,NA,NA,NA,NA,NA,NA,NA,NA,NA,NA,NA,NA,NA,NA,NA,NA,3,6
"2",0.511526136290296,1.80030422660484,-0.751379858028294,0.0625217391304348,-0.596826581491634,0.0574796636308073,-0.554720686990075,0.213636347587414,0.213636347587414,0.213636347587414,0.213636347587414,0.213636347587414,0.213636347587414,0.213636347587414,0.213636347587414,0.213636347587414,0.213636347587414,0.213636347587414,0.213636347587414,0.213636347587414,0.213636347587414,-0.884016558951857,NA,NA,NA,NA,NA,NA,NA,NA,NA,NA,NA,NA,NA,NA,NA,NA,NA,NA,NA,NA,NA,NA,NA,NA,NA,NA,NA,NA,NA,NA,NA,NA,NA,NA,NA,NA,NA,NA,NA,NA,NA,1,1,1,1,1,1,1,1,1,1,1,1,1,1,1,1,NA,NA,NA,NA,NA,NA,NA,NA,NA,NA,NA,NA,NA,NA,NA,NA,NA,NA,NA,NA,NA,NA,NA,NA,NA,NA,NA,NA,NA,NA,NA,NA,NA,NA,NA,NA,NA,NA,NA,NA,NA,3,6
"3",0.798058822375442,1.74865683688813,-0.775729774106643,0.0625217391304348,-0.596826581491634,0.0574796636308073,-0.77425126829793,0.213636347587414,0.213636347587414,0.213636347587414,0.213636347587414,0.213636347587414,0.213636347587414,0.213636347587414,0.213636347587414,0.213636347587414,0.213636347587414,0.213636347587414,0.213636347587414,0.213636347587414,0.213636347587414,0.213636347587414,0.213636347587414,0.213636347587414,-2.71160864833974,NA,NA,NA,NA,NA,NA,NA,NA,NA,NA,NA,NA,NA,NA,NA,NA,NA,NA,NA,NA,NA,NA,NA,NA,NA,NA,NA,NA,NA,NA,NA,NA,NA,NA,NA,NA,NA,NA,1,1,1,1,1,1,1,1,1,1,1,1,1,1,1,1,1,1,1,NA,NA,NA,NA,NA,NA,NA,NA,NA,NA,NA,NA,NA,NA,NA,NA,NA,NA,NA,NA,NA,NA,NA,NA,NA,NA,NA,NA,NA,NA,NA,NA,NA,NA,NA,NA,NA,NA,3,6
"4",0.949955668010941,1.80561932340895,-0.77989576314998,0.0625217391304348,-0.596826581491634,0.0574796636308073,-0.829133913624893,0.213636347587414,0.213636347587414,0.213636347587414,0.213636347587414,0.213636347587414,0.213636347587414,0.213636347587414,0.213636347587414,0.213636347587414,0.213636347587414,0.213636347587414,0.213636347587414,0.213636347587414,0.213636347587414,0.213636347587414,0.213636347587414,0.213636347587414,0.213636347587414,0.213636347587414,0.213636347587414,0.213636347587414,-1.70725623885631,NA,NA,NA,NA,NA,NA,NA,NA,NA,NA,NA,NA,NA,NA,NA,NA,NA,NA,NA,NA,NA,NA,NA,NA,NA,NA,NA,NA,NA,NA,NA,NA,NA,NA,1,1,1,1,1,1,1,1,1,1,1,1,1,1,1,1,1,1,1,1,1,1,1,NA,NA,NA,NA,NA,NA,NA,NA,NA,NA,NA,NA,NA,NA,NA,NA,NA,NA,NA,NA,NA,NA,NA,NA,NA,NA,NA,NA,NA,NA,NA,NA,NA,NA,3,6
"5",1.25720156031911,1.73502474389796,-0.798638572702805,0.0625217391304348,-0.596826581491634,0.0574796636308073,-0.884016558951857,0.213636347587414,0.213636347587414,0.213636347587414,0.213636347587414,0.213636347587414,0.213636347587414,0.213636347587414,0.213636347587414,0.213636347587414,0.213636347587414,0.213636347587414,0.213636347587414,0.213636347587414,0.213636347587414,0.213636347587414,0.213636347587414,0.213636347587414,0.213636347587414,0.213636347587414,0.213636347587414,-0.884016558951857,NA,NA,NA,NA,NA,NA,NA,NA,NA,NA,NA,NA,NA,NA,NA,NA,NA,NA,NA,NA,NA,NA,NA,NA,NA,NA,NA,NA,NA,NA,NA,NA,NA,NA,NA,1,1,1,1,1,1,1,1,1,1,1,1,1,1,1,1,1,1,1,1,1,1,NA,NA,NA,NA,NA,NA,NA,NA,NA,NA,NA,NA,NA,NA,NA,NA,NA,NA,NA,NA,NA,NA,NA,NA,NA,NA,NA,NA,NA,NA,NA,NA,NA,NA,NA,3,6
"6",1.48849902980953,1.61224127618279,-0.805496304169769,0.0625217391304348,-0.596826581491634,0.0574796636308073,-0.911457881615339,0.213636347587414,0.213636347587414,0.213636347587414,0.213636347587414,0.213636347587414,0.213636347587414,0.213636347587414,0.213636347587414,0.213636347587414,0.213636347587414,0.213636347587414,0.213636347587414,-0.225424815028295,NA,NA,NA,NA,NA,NA,NA,NA,NA,NA,NA,NA,NA,NA,NA,NA,NA,NA,NA,NA,NA,NA,NA,NA,NA,NA,NA,NA,NA,NA,NA,NA,NA,NA,NA,NA,NA,NA,NA,NA,NA,NA,NA,1,1,1,1,1,1,1,1,1,1,1,1,1,1,NA,NA,NA,NA,NA,NA,NA,NA,NA,NA,NA,NA,NA,NA,NA,NA,NA,NA,NA,NA,NA,NA,NA,NA,NA,NA,NA,NA,NA,NA,NA,NA,NA,NA,NA,NA,NA,NA,NA,NA,NA,NA,NA,3,6
"7",1.72324870033712,1.49456261459699,-0.816023087617246,0.0625217391304348,-0.596826581491634,0.0574796636308073,-0.938899204278821,0.213636347587414,0.213636347587414,0.213636347587414,0.213636347587414,0.213636347587414,0.213636347587414,0.213636347587414,0.213636347587414,0.213636347587414,0.213636347587414,0.213636347587414,0.213636347587414,0.213636347587414,0.213636347587414,0.213636347587414,0.213636347587414,0.213636347587414,0.213636347587414,0.213636347587414,0.213636347587414,0.213636347587414,-1.5700496255389,NA,NA,NA,NA,NA,NA,NA,NA,NA,NA,NA,NA,NA,NA,NA,NA,NA,NA,NA,NA,NA,NA,NA,NA,NA,NA,NA,NA,NA,NA,NA,NA,NA,NA,1,1,1,1,1,1,1,1,1,1,1,1,1,1,1,1,1,1,1,1,1,1,1,NA,NA,NA,NA,NA,NA,NA,NA,NA,NA,NA,NA,NA,NA,NA,NA,NA,NA,NA,NA,NA,NA,NA,NA,NA,NA,NA,NA,NA,NA,NA,NA,NA,NA,3,6
"8",1.85788454078676,1.29217886922498,-0.821994614655507,0.0625217391304348,-0.596826581491634,0.0574796636308073,-0.993781849605784,0.213636347587414,0.213636347587414,0.213636347587414,0.213636347587414,0.213636347587414,0.213636347587414,0.213636347587414,0.213636347587414,0.213636347587414,0.213636347587414,0.213636347587414,0.213636347587414,0.213636347587414,0.213636347587414,0.213636347587414,0.213636347587414,0.213636347587414,0.213636347587414,0.213636347587414,0.213636347587414,0.213636347587414,-4.86300834515671,NA,NA,NA,NA,NA,NA,NA,NA,NA,NA,NA,NA,NA,NA,NA,NA,NA,NA,NA,NA,NA,NA,NA,NA,NA,NA,NA,NA,NA,NA,NA,NA,NA,NA,1,1,1,1,1,1,1,1,1,1,1,1,1,1,1,1,1,1,1,1,1,1,1,NA,NA,NA,NA,NA,NA,NA,NA,NA,NA,NA,NA,NA,NA,NA,NA,NA,NA,NA,NA,NA,NA,NA,NA,NA,NA,NA,NA,NA,NA,NA,NA,NA,NA,3,6
"9",1.70598769515126,1.36171148082853,-0.826127474561323,0.0625217391304348,-0.596826581491634,0.0574796636308073,-1.10354714025971,0.213636347587414,0.213636347587414,0.213636347587414,0.213636347587414,0.213636347587414,0.213636347587414,0.213636347587414,0.213636347587414,0.213636347587414,0.213636347587414,-0.401049280074578,NA,NA,NA,NA,NA,NA,NA,NA,NA,NA,NA,NA,NA,NA,NA,NA,NA,NA,NA,NA,NA,NA,NA,NA,NA,NA,NA,NA,NA,NA,NA,NA,NA,NA,NA,NA,NA,NA,NA,NA,NA,NA,NA,NA,NA,1,1,1,1,1,1,1,1,1,1,1,1,NA,NA,NA,NA,NA,NA,NA,NA,NA,NA,NA,NA,NA,NA,NA,NA,NA,NA,NA,NA,NA,NA,NA,NA,NA,NA,NA,NA,NA,NA,NA,NA,NA,NA,NA,NA,NA,NA,NA,NA,NA,NA,NA,NA,NA,3,6
"10",1.48504682877236,1.47789182135679,-0.805902136104408,0.0625217391304348,-0.596826581491634,0.0574796636308073,-1.21331243091364,0.213636347587414,0.213636347587414,0.213636347587414,0.213636347587414,0.213636347587414,0.213636347587414,0.213636347587414,0.213636347587414,0.213636347587414,0.213636347587414,0.213636347587414,0.213636347587414,0.213636347587414,0.213636347587414,0.213636347587414,0.213636347587414,0.213636347587414,0.213636347587414,0.213636347587414,0.213636347587414,0.213636347587414,-1.36698383782914,NA,NA,NA,NA,NA,NA,NA,NA,NA,NA,NA,NA,NA,NA,NA,NA,NA,NA,NA,NA,NA,NA,NA,NA,NA,NA,NA,NA,NA,NA,NA,NA,NA,NA,0,0,0,0,0,0,0,0,0,0,0,0,0,0,0,0,0,0,0,0,0,0,0,NA,NA,NA,NA,NA,NA,NA,NA,NA,NA,NA,NA,NA,NA,NA,NA,NA,NA,NA,NA,NA,NA,NA,NA,NA,NA,NA,NA,NA,NA,NA,NA,NA,NA,3,6
"11",1.13637452401814,1.58694856527816,-0.785602257088069,0.0625217391304348,-0.596826581491634,0.0574796636308073,-1.2681950762406,0.213636347587414,0.213636347587414,0.213636347587414,0.213636347587414,0.213636347587414,0.213636347587414,0.213636347587414,0.213636347587414,0.213636347587414,0.213636347587414,0.213636347587414,0.213636347587414,0.213636347587414,0.213636347587414,0.213636347587414,0.213636347587414,0.213636347587414,0.213636347587414,-0.0607768790474038,NA,NA,NA,NA,NA,NA,NA,NA,NA,NA,NA,NA,NA,NA,NA,NA,NA,NA,NA,NA,NA,NA,NA,NA,NA,NA,NA,NA,NA,NA,NA,NA,NA,NA,NA,NA,NA,1,1,1,1,1,1,1,1,1,1,1,1,1,1,1,1,1,1,1,1,NA,NA,NA,NA,NA,NA,NA,NA,NA,NA,NA,NA,NA,NA,NA,NA,NA,NA,NA,NA,NA,NA,NA,NA,NA,NA,NA,NA,NA,NA,NA,NA,NA,NA,NA,NA,NA,3,6
"12",0.880911647267532,1.48276530774394,-0.773344476205091,0.0625217391304348,-0.596826581491634,0.0574796636308073,-1.29563639890408,0.213636347587414,0.213636347587414,0.213636347587414,0.213636347587414,0.213636347587414,0.213636347587414,0.213636347587414,0.213636347587414,0.213636347587414,0.213636347587414,0.213636347587414,0.213636347587414,-0.154077376103243,NA,NA,NA,NA,NA,NA,NA,NA,NA,NA,NA,NA,NA,NA,NA,NA,NA,NA,NA,NA,NA,NA,NA,NA,NA,NA,NA,NA,NA,NA,NA,NA,NA,NA,NA,NA,NA,NA,NA,NA,NA,NA,NA,1,1,1,1,1,1,1,1,1,1,1,1,1,1,NA,NA,NA,NA,NA,NA,NA,NA,NA,NA,NA,NA,NA,NA,NA,NA,NA,NA,NA,NA,NA,NA,NA,NA,NA,NA,NA,NA,NA,NA,NA,NA,NA,NA,NA,NA,NA,NA,NA,NA,NA,NA,NA,3,6
"13",0.635805373628432,1.65214393171514,-0.753491840545293,0.0625217391304348,-0.596826581491634,0.0574796636308073,-1.37796036689453,0.213636347587414,0.213636347587414,0.213636347587414,0.213636347587414,0.213636347587414,0.213636347587414,0.213636347587414,0.213636347587414,0.213636347587414,0.213636347587414,0.213636347587414,0.213636347587414,0.213636347587414,0.213636347587414,0.213636347587414,0.213636347587414,0.213636347587414,0.213636347587414,0.213636347587414,0.213636347587414,0.213636347587414,-1.29563639890408,NA,NA,NA,NA,NA,NA,NA,NA,NA,NA,NA,NA,NA,NA,NA,NA,NA,NA,NA,NA,NA,NA,NA,NA,NA,NA,NA,NA,NA,NA,NA,NA,NA,NA,0,0,0,0,0,0,0,0,0,0,0,0,0,0,0,0,0,0,0,0,0,0,0,NA,NA,NA,NA,NA,NA,NA,NA,NA,NA,NA,NA,NA,NA,NA,NA,NA,NA,NA,NA,NA,NA,NA,NA,NA,NA,NA,NA,NA,NA,NA,NA,NA,NA,3,6
"14",0.649614177777113,1.86439030973256,-0.764167705111617,0.0625217391304348,-0.596826581491634,0.0574796636308073,-0.664485977644004,0.213636347587414,0.213636347587414,0.213636347587414,0.213636347587414,0.213636347587414,0.213636347587414,0.213636347587414,0.213636347587414,-3.0793223720304,NA,NA,NA,NA,NA,NA,NA,NA,NA,NA,NA,NA,NA,NA,NA,NA,NA,NA,NA,NA,NA,NA,NA,NA,NA,NA,NA,NA,NA,NA,NA,NA,NA,NA,NA,NA,NA,NA,NA,NA,NA,NA,NA,NA,NA,NA,NA,1,1,1,1,1,1,1,1,1,1,NA,NA,NA,NA,NA,NA,NA,NA,NA,NA,NA,NA,NA,NA,NA,NA,NA,NA,NA,NA,NA,NA,NA,NA,NA,NA,NA,NA,NA,NA,NA,NA,NA,NA,NA,NA,NA,NA,NA,NA,NA,NA,NA,NA,NA,NA,NA,3,6
"15",0.760084610966567,1.59400381741576,-0.771505809072644,0.0625217391304348,-0.596826581491634,0.0574796636308073,-0.77425126829793,0.213636347587414,0.213636347587414,0.213636347587414,0.213636347587414,0.213636347587414,0.213636347587414,0.213636347587414,0.213636347587414,0.213636347587414,0.213636347587414,0.213636347587414,0.213636347587414,0.213636347587414,0.213636347587414,0.213636347587414,0.213636347587414,0.213636347587414,-8.01876045145712,NA,NA,NA,NA,NA,NA,NA,NA,NA,NA,NA,NA,NA,NA,NA,NA,NA,NA,NA,NA,NA,NA,NA,NA,NA,NA,NA,NA,NA,NA,NA,NA,NA,NA,NA,NA,NA,NA,1,1,1,1,1,1,1,1,1,1,1,1,1,1,1,1,1,1,1,NA,NA,NA,NA,NA,NA,NA,NA,NA,NA,NA,NA,NA,NA,NA,NA,NA,NA,NA,NA,NA,NA,NA,NA,NA,NA,NA,NA,NA,NA,NA,NA,NA,NA,NA,NA,NA,NA,3,6
"16",0.777345616152419,1.34455701903643,-0.772367166648204,0.0625217391304348,-0.596826581491634,0.0574796636308073,-0.938899204278821,0.213636347587414,0.213636347587414,0.213636347587414,0.213636347587414,0.213636347587414,0.213636347587414,0.213636347587414,0.213636347587414,0.213636347587414,0.213636347587414,0.213636347587414,0.213636347587414,-9.11641335799639,NA,NA,NA,NA,NA,NA,NA,NA,NA,NA,NA,NA,NA,NA,NA,NA,NA,NA,NA,NA,NA,NA,NA,NA,NA,NA,NA,NA,NA,NA,NA,NA,NA,NA,NA,NA,NA,NA,NA,NA,NA,NA,NA,1,1,1,1,1,1,1,1,1,1,1,1,1,1,NA,NA,NA,NA,NA,NA,NA,NA,NA,NA,NA,NA,NA,NA,NA,NA,NA,NA,NA,NA,NA,NA,NA,NA,NA,NA,NA,NA,NA,NA,NA,NA,NA,NA,NA,NA,NA,NA,NA,NA,NA,NA,NA,3,6
"17",0.580570157033705,1.21316740545743,-0.760771968515657,0.0625217391304348,-0.596826581491634,0.0574796636308073,-0.993781849605784,0.213636347587414,0.213636347587414,0.213636347587414,0.213636347587414,0.213636347587414,0.213636347587414,0.213636347587414,0.213636347587414,0.213636347587414,0.213636347587414,0.213636347587414,-0.269330931289865,NA,NA,NA,NA,NA,NA,NA,NA,NA,NA,NA,NA,NA,NA,NA,NA,NA,NA,NA,NA,NA,NA,NA,NA,NA,NA,NA,NA,NA,NA,NA,NA,NA,NA,NA,NA,NA,NA,NA,NA,NA,NA,NA,NA,1,1,1,1,1,1,1,1,1,1,1,1,1,NA,NA,NA,NA,NA,NA,NA,NA,NA,NA,NA,NA,NA,NA,NA,NA,NA,NA,NA,NA,NA,NA,NA,NA,NA,NA,NA,NA,NA,NA,NA,NA,NA,NA,NA,NA,NA,NA,NA,NA,NA,NA,NA,NA,3,6
"18",0.587474559108046,1.07484871414567,-0.746899142178502,0.0625217391304348,-0.596826581491634,0.0574796636308073,-1.32307772156757,0.213636347587414,0.213636347587414,0.213636347587414,0.213636347587414,0.213636347587414,0.213636347587414,0.213636347587414,0.213636347587414,0.213636347587414,0.213636347587414,-2.80490914539558,NA,NA,NA,NA,NA,NA,NA,NA,NA,NA,NA,NA,NA,NA,NA,NA,NA,NA,NA,NA,NA,NA,NA,NA,NA,NA,NA,NA,NA,NA,NA,NA,NA,NA,NA,NA,NA,NA,NA,NA,NA,NA,NA,NA,NA,1,1,1,1,1,1,1,1,1,1,1,1,NA,NA,NA,NA,NA,NA,NA,NA,NA,NA,NA,NA,NA,NA,NA,NA,NA,NA,NA,NA,NA,NA,NA,NA,NA,NA,NA,NA,NA,NA,NA,NA,NA,NA,NA,NA,NA,NA,NA,NA,NA,NA,NA,NA,NA,3,6
"19",0.756632409929397,0.753167068992347,-0.755181426558893,0.0625217391304348,-0.596826581491634,0.0574796636308073,-1.43284301222149,0.213636347587414,0.213636347587414,0.213636347587414,0.213636347587414,0.213636347587414,0.213636347587414,0.213636347587414,0.213636347587414,0.213636347587414,-6.09786786501339,NA,NA,NA,NA,NA,NA,NA,NA,NA,NA,NA,NA,NA,NA,NA,NA,NA,NA,NA,NA,NA,NA,NA,NA,NA,NA,NA,NA,NA,NA,NA,NA,NA,NA,NA,NA,NA,NA,NA,NA,NA,NA,NA,NA,NA,NA,1,1,1,1,1,1,1,1,1,1,1,NA,NA,NA,NA,NA,NA,NA,NA,NA,NA,NA,NA,NA,NA,NA,NA,NA,NA,NA,NA,NA,NA,NA,NA,NA,NA,NA,NA,NA,NA,NA,NA,NA,NA,NA,NA,NA,NA,NA,NA,NA,NA,NA,NA,NA,NA,3,6
"20",1.01554748771718,0.662831452389917,-0.769841069912185,0.0625217391304348,-0.596826581491634,0.0574796636308073,-1.48772565754846,0.213636347587414,0.213636347587414,0.213636347587414,0.213636347587414,0.213636347587414,0.213636347587414,0.213636347587414,0.213636347587414,0.213636347587414,0.213636347587414,0.213636347587414,0.213636347587414,0.213636347587414,0.213636347587414,0.213636347587414,0.213636347587414,0.213636347587414,0.213636347587414,0.213636347587414,0.213636347587414,0.213636347587414,-1.64139706446395,NA,NA,NA,NA,NA,NA,NA,NA,NA,NA,NA,NA,NA,NA,NA,NA,NA,NA,NA,NA,NA,NA,NA,NA,NA,NA,NA,NA,NA,NA,NA,NA,NA,NA,1,1,1,1,1,1,1,1,1,1,1,1,1,1,1,1,1,1,1,1,1,1,1,NA,NA,NA,NA,NA,NA,NA,NA,NA,NA,NA,NA,NA,NA,NA,NA,NA,NA,NA,NA,NA,NA,NA,NA,NA,NA,NA,NA,NA,NA,NA,NA,NA,NA,3,6
"21",0.832580832747146,0.579787664934176,-0.767207303479221,0.0625217391304348,-0.596826581491634,0.0574796636308073,-1.54260830287542,0.213636347587414,0.213636347587414,0.213636347587414,0.213636347587414,0.213636347587414,0.213636347587414,0.213636347587414,0.213636347587414,0.213636347587414,0.213636347587414,-2.25608269212595,NA,NA,NA,NA,NA,NA,NA,NA,NA,NA,NA,NA,NA,NA,NA,NA,NA,NA,NA,NA,NA,NA,NA,NA,NA,NA,NA,NA,NA,NA,NA,NA,NA,NA,NA,NA,NA,NA,NA,NA,NA,NA,NA,NA,NA,1,1,1,1,1,1,1,1,1,1,1,1,NA,NA,NA,NA,NA,NA,NA,NA,NA,NA,NA,NA,NA,NA,NA,NA,NA,NA,NA,NA,NA,NA,NA,NA,NA,NA,NA,NA,NA,NA,NA,NA,NA,NA,NA,NA,NA,NA,NA,NA,NA,NA,NA,NA,NA,3,6
"22",0.615092167405409,0.371931104752002,-0.752762999519819,0.0625217391304348,-0.596826581491634,0.0574796636308073,-1.54260830287542,0.213636347587414,0.213636347587414,0.213636347587414,0.213636347587414,0.213636347587414,0.213636347587414,0.213636347587414,0.213636347587414,0.213636347587414,-5.00021495847412,NA,NA,NA,NA,NA,NA,NA,NA,NA,NA,NA,NA,NA,NA,NA,NA,NA,NA,NA,NA,NA,NA,NA,NA,NA,NA,NA,NA,NA,NA,NA,NA,NA,NA,NA,NA,NA,NA,NA,NA,NA,NA,NA,NA,NA,NA,1,1,1,1,1,1,1,1,1,1,1,NA,NA,NA,NA,NA,NA,NA,NA,NA,NA,NA,NA,NA,NA,NA,NA,NA,NA,NA,NA,NA,NA,NA,NA,NA,NA,NA,NA,NA,NA,NA,NA,NA,NA,NA,NA,NA,NA,NA,NA,NA,NA,NA,NA,NA,NA,3,6
"23",0.521882739401808,0.266938228120032,-0.736736779243762,0.0625217391304348,-0.596826581491634,0.0574796636308073,-1.54260830287542,0.213636347587414,0.213636347587414,0.213636347587414,0.213636347587414,0.213636347587414,0.213636347587414,0.213636347587414,0.213636347587414,0.213636347587414,0.213636347587414,0.213636347587414,0.213636347587414,0.213636347587414,0.213636347587414,0.213636347587414,0.213636347587414,0.213636347587414,0.213636347587414,0.213636347587414,0.213636347587414,-8.56758690472675,NA,NA,NA,NA,NA,NA,NA,NA,NA,NA,NA,NA,NA,NA,NA,NA,NA,NA,NA,NA,NA,NA,NA,NA,NA,NA,NA,NA,NA,NA,NA,NA,NA,NA,NA,1,1,1,1,1,1,1,1,1,1,1,1,1,1,1,1,1,1,1,1,1,1,NA,NA,NA,NA,NA,NA,NA,NA,NA,NA,NA,NA,NA,NA,NA,NA,NA,NA,NA,NA,NA,NA,NA,NA,NA,NA,NA,NA,NA,NA,NA,NA,NA,NA,NA,3,6
"24",0.0696444035324816,0.096392490904014,-0.696170150348607,0.0625217391304348,-0.596826581491634,0.0574796636308073,-1.54260830287542,0.213636347587414,0.213636347587414,0.213636347587414,0.213636347587414,0.213636347587414,0.213636347587414,0.213636347587414,0.213636347587414,0.213636347587414,0.213636347587414,0.213636347587414,0.213636347587414,0.213636347587414,0.213636347587414,0.213636347587414,0.213636347587414,0.213636347587414,0.213636347587414,0.213636347587414,0.213636347587414,-0.884016558951857,NA,NA,NA,NA,NA,NA,NA,NA,NA,NA,NA,NA,NA,NA,NA,NA,NA,NA,NA,NA,NA,NA,NA,NA,NA,NA,NA,NA,NA,NA,NA,NA,NA,NA,NA,0,0,0,0,0,0,0,0,0,0,0,0,0,0,0,0,0,0,0,0,0,0,NA,NA,NA,NA,NA,NA,NA,NA,NA,NA,NA,NA,NA,NA,NA,NA,NA,NA,NA,NA,NA,NA,NA,NA,NA,NA,NA,NA,NA,NA,NA,NA,NA,NA,NA,3,6
"25",-0.772692649537103,-0.0941045740781816,-0.638293547098434,0.0625217391304348,-0.596826581491634,0.0574796636308073,-1.59749094820238,0.213636347587414,0.213636347587414,0.213636347587414,0.213636347587414,0.213636347587414,0.213636347587414,0.213636347587414,0.213636347587414,0.213636347587414,0.213636347587414,0.213636347587414,0.213636347587414,0.213636347587414,-0.0607768790474038,NA,NA,NA,NA,NA,NA,NA,NA,NA,NA,NA,NA,NA,NA,NA,NA,NA,NA,NA,NA,NA,NA,NA,NA,NA,NA,NA,NA,NA,NA,NA,NA,NA,NA,NA,NA,NA,NA,NA,NA,NA,NA,1,1,1,1,1,1,1,1,1,1,1,1,1,1,1,NA,NA,NA,NA,NA,NA,NA,NA,NA,NA,NA,NA,NA,NA,NA,NA,NA,NA,NA,NA,NA,NA,NA,NA,NA,NA,NA,NA,NA,NA,NA,NA,NA,NA,NA,NA,NA,NA,NA,NA,NA,NA,3,6
"26",-0.610439200790093,0.351217473289884,-0.79790144939295,0.0625217391304348,-0.596826581491634,0.0574796636308073,-0.993781849605784,0.213636347587414,0.213636347587414,0.213636347587414,0.213636347587414,0.213636347587414,0.213636347587414,0.213636347587414,0.213636347587414,0.213636347587414,0.213636347587414,0.213636347587414,0.213636347587414,0.213636347587414,0.213636347587414,0.213636347587414,0.213636347587414,-2.53049591876076,NA,NA,NA,NA,NA,NA,NA,NA,NA,NA,NA,NA,NA,NA,NA,NA,NA,NA,NA,NA,NA,NA,NA,NA,NA,NA,NA,NA,NA,NA,NA,NA,NA,NA,NA,NA,NA,NA,NA,1,1,1,1,1,1,1,1,1,1,1,1,1,1,1,1,1,1,NA,NA,NA,NA,NA,NA,NA,NA,NA,NA,NA,NA,NA,NA,NA,NA,NA,NA,NA,NA,NA,NA,NA,NA,NA,NA,NA,NA,NA,NA,NA,NA,NA,NA,NA,NA,NA,NA,NA,3,6
"27",-0.303193308481925,-0.124023679827145,-0.769824505343424,0.0625217391304348,-0.596826581491634,0.0574796636308073,-1.04866449493275,0.213636347587414,0.213636347587414,0.213636347587414,0.213636347587414,0.213636347587414,0.213636347587414,0.213636347587414,0.213636347587414,0.213636347587414,0.213636347587414,0.213636347587414,0.213636347587414,0.213636347587414,0.213636347587414,0.213636347587414,0.213636347587414,0.213636347587414,0.213636347587414,0.213636347587414,0.213636347587414,0.213636347587414,-2.16278219507011,NA,NA,NA,NA,NA,NA,NA,NA,NA,NA,NA,NA,NA,NA,NA,NA,NA,NA,NA,NA,NA,NA,NA,NA,NA,NA,NA,NA,NA,NA,NA,NA,NA,NA,1,1,1,1,1,1,1,1,1,1,1,1,1,1,1,1,1,1,1,1,1,1,1,NA,NA,NA,NA,NA,NA,NA,NA,NA,NA,NA,NA,NA,NA,NA,NA,NA,NA,NA,NA,NA,NA,NA,NA,NA,NA,NA,NA,NA,NA,NA,NA,NA,NA,3,6
"28",-0.10296564832604,-0.364643527134172,-0.751255623762588,0.0625217391304348,-0.596826581491634,0.0574796636308073,-1.15842978558667,0.213636347587414,0.213636347587414,0.213636347587414,0.213636347587414,0.213636347587414,0.213636347587414,0.213636347587414,0.213636347587414,0.213636347587414,0.213636347587414,0.213636347587414,0.213636347587414,0.213636347587414,0.213636347587414,0.213636347587414,0.213636347587414,0.213636347587414,0.213636347587414,0.213636347587414,0.213636347587414,0.213636347587414,-2.16278219507011,NA,NA,NA,NA,NA,NA,NA,NA,NA,NA,NA,NA,NA,NA,NA,NA,NA,NA,NA,NA,NA,NA,NA,NA,NA,NA,NA,NA,NA,NA,NA,NA,NA,NA,0,0,0,0,0,0,0,0,0,0,0,0,0,0,0,0,0,0,0,0,0,0,0,NA,NA,NA,NA,NA,NA,NA,NA,NA,NA,NA,NA,NA,NA,NA,NA,NA,NA,NA,NA,NA,NA,NA,NA,NA,NA,NA,NA,NA,NA,NA,NA,NA,NA,3,6
"29",-0.203079478403982,-0.784057763373984,-0.692310605827345,0.0625217391304348,-0.596826581491634,0.0574796636308073,-1.2681950762406,0.213636347587414,0.213636347587414,0.213636347587414,0.213636347587414,0.213636347587414,0.213636347587414,0.213636347587414,0.213636347587414,0.213636347587414,0.213636347587414,0.213636347587414,0.213636347587414,0.213636347587414,0.213636347587414,0.213636347587414,0.213636347587414,0.213636347587414,0.213636347587414,0.213636347587414,0.213636347587414,0.213636347587414,-1.98166946549113,NA,NA,NA,NA,NA,NA,NA,NA,NA,NA,NA,NA,NA,NA,NA,NA,NA,NA,NA,NA,NA,NA,NA,NA,NA,NA,NA,NA,NA,NA,NA,NA,NA,NA,1,1,1,1,1,1,1,1,1,1,1,1,1,1,1,1,1,1,1,1,1,1,1,NA,NA,NA,NA,NA,NA,NA,NA,NA,NA,NA,NA,NA,NA,NA,NA,NA,NA,NA,NA,NA,NA,NA,NA,NA,NA,NA,NA,NA,NA,NA,NA,NA,NA,3,6
"30",0.0523833983466295,-0.685047656438433,-0.665012196509576,0.0625217391304348,-0.596826581491634,0.0574796636308073,-1.37796036689453,0.213636347587414,0.213636347587414,0.213636347587414,0.213636347587414,0.213636347587414,0.213636347587414,0.213636347587414,0.213636347587414,0.213636347587414,0.213636347587414,0.213636347587414,0.213636347587414,0.213636347587414,0.213636347587414,0.213636347587414,0.213636347587414,0.213636347587414,0.213636347587414,0.213636347587414,0.213636347587414,0.213636347587414,-1.88836896843529,NA,NA,NA,NA,NA,NA,NA,NA,NA,NA,NA,NA,NA,NA,NA,NA,NA,NA,NA,NA,NA,NA,NA,NA,NA,NA,NA,NA,NA,NA,NA,NA,NA,NA,1,1,1,1,1,1,1,1,1,1,1,1,1,1,1,1,1,1,1,1,1,1,1,NA,NA,NA,NA,NA,NA,NA,NA,NA,NA,NA,NA,NA,NA,NA,NA,NA,NA,NA,NA,NA,NA,NA,NA,NA,NA,NA,NA,NA,NA,NA,NA,NA,NA,3,6
"31",-0.0753480400286763,-0.461503411920482,-0.724081448710525,0.0625217391304348,-0.596826581491634,0.0574796636308073,-1.48772565754846,0.213636347587414,0.213636347587414,0.213636347587414,0.213636347587414,0.213636347587414,0.213636347587414,0.213636347587414,0.213636347587414,0.213636347587414,0.213636347587414,0.213636347587414,0.213636347587414,0.213636347587414,0.213636347587414,0.213636347587414,0.213636347587414,0.213636347587414,0.213636347587414,0.213636347587414,0.213636347587414,0.213636347587414,-1.29563639890408,NA,NA,NA,NA,NA,NA,NA,NA,NA,NA,NA,NA,NA,NA,NA,NA,NA,NA,NA,NA,NA,NA,NA,NA,NA,NA,NA,NA,NA,NA,NA,NA,NA,NA,1,1,1,1,1,1,1,1,1,1,1,1,1,1,1,1,1,1,1,1,1,1,1,NA,NA,NA,NA,NA,NA,NA,NA,NA,NA,NA,NA,NA,NA,NA,NA,NA,NA,NA,NA,NA,NA,NA,NA,NA,NA,NA,NA,NA,NA,NA,NA,NA,NA,3,6
"32",-1.13172155740283,0.0816511146045777,-0.762569224226202,0.0625217391304348,-0.596826581491634,0.0574796636308073,-1.54260830287542,0.213636347587414,-1.5700496255389,NA,NA,NA,NA,NA,NA,NA,NA,NA,NA,NA,NA,NA,NA,NA,NA,NA,NA,NA,NA,NA,NA,NA,NA,NA,NA,NA,NA,NA,NA,NA,NA,NA,NA,NA,NA,NA,NA,NA,NA,NA,NA,NA,NA,NA,NA,NA,NA,NA,NA,NA,NA,NA,NA,1,1,1,NA,NA,NA,NA,NA,NA,NA,NA,NA,NA,NA,NA,NA,NA,NA,NA,NA,NA,NA,NA,NA,NA,NA,NA,NA,NA,NA,NA,NA,NA,NA,NA,NA,NA,NA,NA,NA,NA,NA,NA,NA,NA,NA,NA,NA,NA,NA,NA,NA,NA,NA,NA,NA,NA,3,6
"33",0.911981456602066,0.603187759766127,-0.827999270831291,0.0625217391304348,-0.596826581491634,0.0574796636308073,-0.993781849605784,0.213636347587414,0.213636347587414,0.213636347587414,0.213636347587414,0.213636347587414,0.213636347587414,0.213636347587414,0.213636347587414,0.213636347587414,0.213636347587414,0.213636347587414,0.213636347587414,0.213636347587414,0.213636347587414,0.213636347587414,0.213636347587414,0.213636347587414,0.213636347587414,0.213636347587414,0.213636347587414,0.213636347587414,-1.06512928853084,NA,NA,NA,NA,NA,NA,NA,NA,NA,NA,NA,NA,NA,NA,NA,NA,NA,NA,NA,NA,NA,NA,NA,NA,NA,NA,NA,NA,NA,NA,NA,NA,NA,NA,1,1,1,1,1,1,1,1,1,1,1,1,1,1,1,1,1,1,1,1,1,1,1,NA,NA,NA,NA,NA,NA,NA,NA,NA,NA,NA,NA,NA,NA,NA,NA,NA,NA,NA,NA,NA,NA,NA,NA,NA,NA,NA,NA,NA,NA,NA,NA,NA,NA,3,6
"34",0.594378961182387,1.06367702204998,-0.824769179922939,0.0625217391304348,-0.596826581491634,0.0574796636308073,-1.15842978558667,0.213636347587414,0.213636347587414,0.213636347587414,0.213636347587414,0.213636347587414,0.213636347587414,0.213636347587414,0.213636347587414,0.213636347587414,0.213636347587414,0.213636347587414,0.213636347587414,0.213636347587414,0.213636347587414,0.213636347587414,0.213636347587414,0.213636347587414,0.213636347587414,0.213636347587414,0.213636347587414,0.213636347587414,-2.07496996254697,NA,NA,NA,NA,NA,NA,NA,NA,NA,NA,NA,NA,NA,NA,NA,NA,NA,NA,NA,NA,NA,NA,NA,NA,NA,NA,NA,NA,NA,NA,NA,NA,NA,NA,1,1,1,1,1,1,1,1,1,1,1,1,1,1,1,1,1,1,1,1,1,1,1,NA,NA,NA,NA,NA,NA,NA,NA,NA,NA,NA,NA,NA,NA,NA,NA,NA,NA,NA,NA,NA,NA,NA,NA,NA,NA,NA,NA,NA,NA,NA,NA,NA,NA,3,6
"35",-0.161653065957937,0.797806521973273,-0.815724925379551,0.0625217391304348,-0.596826581491634,0.0574796636308073,-1.43284301222149,0.213636347587414,0.213636347587414,0.213636347587414,0.213636347587414,0.213636347587414,0.213636347587414,0.213636347587414,0.213636347587414,0.213636347587414,0.213636347587414,0.213636347587414,0.213636347587414,0.213636347587414,0.213636347587414,0.213636347587414,0.213636347587414,0.213636347587414,0.213636347587414,0.213636347587414,0.213636347587414,0.213636347587414,-1.80055673591215,NA,NA,NA,NA,NA,NA,NA,NA,NA,NA,NA,NA,NA,NA,NA,NA,NA,NA,NA,NA,NA,NA,NA,NA,NA,NA,NA,NA,NA,NA,NA,NA,NA,NA,1,1,1,1,1,1,1,1,1,1,1,1,1,1,1,1,1,1,1,1,1,1,1,NA,NA,NA,NA,NA,NA,NA,NA,NA,NA,NA,NA,NA,NA,NA,NA,NA,NA,NA,NA,NA,NA,NA,NA,NA,NA,NA,NA,NA,NA,NA,NA,NA,NA,3,6
"36",-0.610439200790093,-0.356578879757804,-0.796294686223154,0.0625217391304348,-0.596826581491634,0.0574796636308073,-1.76213888418327,0.213636347587414,0.213636347587414,0.213636347587414,0.213636347587414,0.213636347587414,0.213636347587414,0.213636347587414,0.213636347587414,0.213636347587414,0.213636347587414,0.213636347587414,0.213636347587414,0.213636347587414,0.213636347587414,0.213636347587414,0.213636347587414,0.213636347587414,0.213636347587414,0.213636347587414,0.213636347587414,0.213636347587414,-1.61395574180047,NA,NA,NA,NA,NA,NA,NA,NA,NA,NA,NA,NA,NA,NA,NA,NA,NA,NA,NA,NA,NA,NA,NA,NA,NA,NA,NA,NA,NA,NA,NA,NA,NA,NA,1,1,1,1,1,1,1,1,1,1,1,1,1,1,1,1,1,1,1,1,1,1,1,NA,NA,NA,NA,NA,NA,NA,NA,NA,NA,NA,NA,NA,NA,NA,NA,NA,NA,NA,NA,NA,NA,NA,NA,NA,NA,NA,NA,NA,NA,NA,NA,NA,NA,3,6
"37",0.114523017015697,-0.324930133209085,-0.178643328555493,0.0425217391304348,-0.339316363114178,-0.0731720733434792,-0.993781849605784,0.213636347587414,0.213636347587414,0.213636347587414,0.213636347587414,0.213636347587414,0.213636347587414,0.213636347587414,0.213636347587414,0.213636347587414,0.213636347587414,0.213636347587414,0.213636347587414,0.213636347587414,0.213636347587414,0.213636347587414,0.213636347587414,0.213636347587414,0.213636347587414,0.213636347587414,0.213636347587414,-1.5700496255389,NA,NA,NA,NA,NA,NA,NA,NA,NA,NA,NA,NA,NA,NA,NA,NA,NA,NA,NA,NA,NA,NA,NA,NA,NA,NA,NA,NA,NA,NA,NA,NA,NA,NA,NA,1,1,1,1,1,1,1,1,1,1,1,1,1,1,1,1,1,1,1,1,1,1,NA,NA,NA,NA,NA,NA,NA,NA,NA,NA,NA,NA,NA,NA,NA,NA,NA,NA,NA,NA,NA,NA,NA,NA,NA,NA,NA,NA,NA,NA,NA,NA,NA,NA,NA,2,6
"38",0.511526136290296,-0.360106505826606,-0.15825234441097,0.0425217391304348,-0.339316363114178,-0.0731720733434792,-1.10354714025971,0.213636347587414,0.213636347587414,0.213636347587414,0.213636347587414,0.213636347587414,-1.10354714025971,NA,NA,NA,NA,NA,NA,NA,NA,NA,NA,NA,NA,NA,NA,NA,NA,NA,NA,NA,NA,NA,NA,NA,NA,NA,NA,NA,NA,NA,NA,NA,NA,NA,NA,NA,NA,NA,NA,NA,NA,NA,NA,NA,NA,NA,NA,NA,NA,NA,NA,1,1,1,1,1,1,1,NA,NA,NA,NA,NA,NA,NA,NA,NA,NA,NA,NA,NA,NA,NA,NA,NA,NA,NA,NA,NA,NA,NA,NA,NA,NA,NA,NA,NA,NA,NA,NA,NA,NA,NA,NA,NA,NA,NA,NA,NA,NA,NA,NA,NA,NA,NA,NA,NA,NA,2,6
"39",0.387246898952161,-0.539179529903425,-0.0967563828865667,0.0425217391304348,-0.339316363114178,-0.0731720733434792,-1.21331243091364,0.213636347587414,0.213636347587414,0.213636347587414,0.213636347587414,0.213636347587414,0.213636347587414,0.213636347587414,0.213636347587414,-1.98166946549113,NA,NA,NA,NA,NA,NA,NA,NA,NA,NA,NA,NA,NA,NA,NA,NA,NA,NA,NA,NA,NA,NA,NA,NA,NA,NA,NA,NA,NA,NA,NA,NA,NA,NA,NA,NA,NA,NA,NA,NA,NA,NA,NA,NA,NA,NA,NA,1,1,1,1,1,1,1,1,1,1,NA,NA,NA,NA,NA,NA,NA,NA,NA,NA,NA,NA,NA,NA,NA,NA,NA,NA,NA,NA,NA,NA,NA,NA,NA,NA,NA,NA,NA,NA,NA,NA,NA,NA,NA,NA,NA,NA,NA,NA,NA,NA,NA,NA,NA,NA,NA,2,6
"40",0.373438094803479,-0.628910560815972,-0.066451504338716,0.0425217391304348,-0.339316363114178,-0.0731720733434792,-1.2681950762406,0.213636347587414,0.213636347587414,0.213636347587414,0.213636347587414,0.213636347587414,0.213636347587414,0.213636347587414,0.213636347587414,0.213636347587414,0.213636347587414,-2.80490914539558,NA,NA,NA,NA,NA,NA,NA,NA,NA,NA,NA,NA,NA,NA,NA,NA,NA,NA,NA,NA,NA,NA,NA,NA,NA,NA,NA,NA,NA,NA,NA,NA,NA,NA,NA,NA,NA,NA,NA,NA,NA,NA,NA,NA,NA,1,1,1,1,1,1,1,1,1,1,1,1,NA,NA,NA,NA,NA,NA,NA,NA,NA,NA,NA,NA,NA,NA,NA,NA,NA,NA,NA,NA,NA,NA,NA,NA,NA,NA,NA,NA,NA,NA,NA,NA,NA,NA,NA,NA,NA,NA,NA,NA,NA,NA,NA,NA,NA,2,6
"41",0.335463883394605,-0.818519147697381,-0.00237147008763068,0.0425217391304348,-0.339316363114178,-0.0731720733434792,-1.37796036689453,0.213636347587414,0.213636347587414,0.213636347587414,0.213636347587414,0.213636347587414,0.213636347587414,0.213636347587414,0.213636347587414,0.213636347587414,-1.02122317226927,NA,NA,NA,NA,NA,NA,NA,NA,NA,NA,NA,NA,NA,NA,NA,NA,NA,NA,NA,NA,NA,NA,NA,NA,NA,NA,NA,NA,NA,NA,NA,NA,NA,NA,NA,NA,NA,NA,NA,NA,NA,NA,NA,NA,NA,NA,1,1,1,1,1,1,1,1,1,1,1,NA,NA,NA,NA,NA,NA,NA,NA,NA,NA,NA,NA,NA,NA,NA,NA,NA,NA,NA,NA,NA,NA,NA,NA,NA,NA,NA,NA,NA,NA,NA,NA,NA,NA,NA,NA,NA,NA,NA,NA,NA,NA,NA,NA,NA,NA,2,6
"42",0.22154124916798,-0.648609539772458,-0.0237977397797022,0.0425217391304348,-0.339316363114178,-0.0731720733434792,-1.43284301222149,0.213636347587414,0.213636347587414,0.213636347587414,0.213636347587414,0.213636347587414,0.213636347587414,0.213636347587414,0.213636347587414,0.213636347587414,0.213636347587414,0.213636347587414,-1.98166946549113,NA,NA,NA,NA,NA,NA,NA,NA,NA,NA,NA,NA,NA,NA,NA,NA,NA,NA,NA,NA,NA,NA,NA,NA,NA,NA,NA,NA,NA,NA,NA,NA,NA,NA,NA,NA,NA,NA,NA,NA,NA,NA,NA,NA,1,1,1,1,1,1,1,1,1,1,1,1,1,NA,NA,NA,NA,NA,NA,NA,NA,NA,NA,NA,NA,NA,NA,NA,NA,NA,NA,NA,NA,NA,NA,NA,NA,NA,NA,NA,NA,NA,NA,NA,NA,NA,NA,NA,NA,NA,NA,NA,NA,NA,NA,NA,NA,2,6
"43",0.314750677171582,-0.262836554224548,0.256491328221491,0.0425217391304348,-0.339316363114178,-0.0731720733434792,-0.938899204278821,0.213636347587414,0.213636347587414,0.213636347587414,0.213636347587414,0.213636347587414,0.213636347587414,0.213636347587414,0.213636347587414,0.213636347587414,0.213636347587414,0.213636347587414,0.213636347587414,0.213636347587414,0.213636347587414,0.213636347587414,0.213636347587414,0.213636347587414,0.213636347587414,0.213636347587414,0.213636347587414,-1.2681950762406,NA,NA,NA,NA,NA,NA,NA,NA,NA,NA,NA,NA,NA,NA,NA,NA,NA,NA,NA,NA,NA,NA,NA,NA,NA,NA,NA,NA,NA,NA,NA,NA,NA,NA,NA,1,1,1,1,1,1,1,1,1,1,1,1,1,1,1,1,1,1,1,1,1,1,NA,NA,NA,NA,NA,NA,NA,NA,NA,NA,NA,NA,NA,NA,NA,NA,NA,NA,NA,NA,NA,NA,NA,NA,NA,NA,NA,NA,NA,NA,NA,NA,NA,NA,NA,2,6
"44",0.528787141476148,-0.109219216325286,0.202615068327047,0.0425217391304348,-0.339316363114178,-0.0731720733434792,-0.993781849605784,0.213636347587414,0.213636347587414,0.213636347587414,0.213636347587414,0.213636347587414,0.213636347587414,0.213636347587414,0.213636347587414,-1.80055673591215,NA,NA,NA,NA,NA,NA,NA,NA,NA,NA,NA,NA,NA,NA,NA,NA,NA,NA,NA,NA,NA,NA,NA,NA,NA,NA,NA,NA,NA,NA,NA,NA,NA,NA,NA,NA,NA,NA,NA,NA,NA,NA,NA,NA,NA,NA,NA,1,1,1,1,1,1,1,1,1,1,NA,NA,NA,NA,NA,NA,NA,NA,NA,NA,NA,NA,NA,NA,NA,NA,NA,NA,NA,NA,NA,NA,NA,NA,NA,NA,NA,NA,NA,NA,NA,NA,NA,NA,NA,NA,NA,NA,NA,NA,NA,NA,NA,NA,NA,NA,NA,2,6
"45",0.332011682357434,0.455653079633787,0.0907793823386273,0.0425217391304348,-0.339316363114178,-0.0731720733434792,-1.15842978558667,0.213636347587414,0.213636347587414,0.213636347587414,0.213636347587414,0.213636347587414,0.213636347587414,0.213636347587414,0.213636347587414,0.213636347587414,0.213636347587414,0.213636347587414,-2.07496996254697,NA,NA,NA,NA,NA,NA,NA,NA,NA,NA,NA,NA,NA,NA,NA,NA,NA,NA,NA,NA,NA,NA,NA,NA,NA,NA,NA,NA,NA,NA,NA,NA,NA,NA,NA,NA,NA,NA,NA,NA,NA,NA,NA,NA,1,1,1,1,1,1,1,1,1,1,1,1,1,NA,NA,NA,NA,NA,NA,NA,NA,NA,NA,NA,NA,NA,NA,NA,NA,NA,NA,NA,NA,NA,NA,NA,NA,NA,NA,NA,NA,NA,NA,NA,NA,NA,NA,NA,NA,NA,NA,NA,NA,NA,NA,NA,NA,2,6
"46",0.394151301026502,-0.126867861203035,0.0672328478451757,0.0425217391304348,-0.339316363114178,-0.0731720733434792,-1.21331243091364,0.213636347587414,0.213636347587414,0.213636347587414,0.213636347587414,0.213636347587414,0.213636347587414,0.213636347587414,0.213636347587414,0.213636347587414,0.213636347587414,-1.10354714025971,NA,NA,NA,NA,NA,NA,NA,NA,NA,NA,NA,NA,NA,NA,NA,NA,NA,NA,NA,NA,NA,NA,NA,NA,NA,NA,NA,NA,NA,NA,NA,NA,NA,NA,NA,NA,NA,NA,NA,NA,NA,NA,NA,NA,NA,1,1,1,1,1,1,1,1,1,1,1,1,NA,NA,NA,NA,NA,NA,NA,NA,NA,NA,NA,NA,NA,NA,NA,NA,NA,NA,NA,NA,NA,NA,NA,NA,NA,NA,NA,NA,NA,NA,NA,NA,NA,NA,NA,NA,NA,NA,NA,NA,NA,NA,NA,NA,NA,2,6
"47",-0.1892706742553,-0.237191606439722,0.10438717557561,0.0425217391304348,-0.339316363114178,-0.0731720733434792,-1.32307772156757,0.213636347587414,0.213636347587414,0.213636347587414,0.213636347587414,0.213636347587414,0.213636347587414,0.213636347587414,0.213636347587414,0.213636347587414,0.213636347587414,0.213636347587414,0.213636347587414,0.213636347587414,0.213636347587414,0.213636347587414,-0.8181573845595,NA,NA,NA,NA,NA,NA,NA,NA,NA,NA,NA,NA,NA,NA,NA,NA,NA,NA,NA,NA,NA,NA,NA,NA,NA,NA,NA,NA,NA,NA,NA,NA,NA,NA,NA,NA,NA,NA,NA,NA,1,1,1,1,1,1,1,1,1,1,1,1,1,1,1,1,1,NA,NA,NA,NA,NA,NA,NA,NA,NA,NA,NA,NA,NA,NA,NA,NA,NA,NA,NA,NA,NA,NA,NA,NA,NA,NA,NA,NA,NA,NA,NA,NA,NA,NA,NA,NA,NA,NA,NA,NA,2,6
"48",-0.351524123002311,-0.354702035485728,0.0991527718472027,0.0425217391304348,-0.339316363114178,-0.0731720733434792,-1.43284301222149,0.213636347587414,0.213636347587414,0.213636347587414,0.213636347587414,0.213636347587414,0.213636347587414,0.213636347587414,0.213636347587414,0.213636347587414,-1.15842978558667,NA,NA,NA,NA,NA,NA,NA,NA,NA,NA,NA,NA,NA,NA,NA,NA,NA,NA,NA,NA,NA,NA,NA,NA,NA,NA,NA,NA,NA,NA,NA,NA,NA,NA,NA,NA,NA,NA,NA,NA,NA,NA,NA,NA,NA,NA,1,1,1,1,1,1,1,1,1,1,1,NA,NA,NA,NA,NA,NA,NA,NA,NA,NA,NA,NA,NA,NA,NA,NA,NA,NA,NA,NA,NA,NA,NA,NA,NA,NA,NA,NA,NA,NA,NA,NA,NA,NA,NA,NA,NA,NA,NA,NA,NA,NA,NA,NA,NA,NA,2,6
"49",0.335463883394605,-0.153969071910451,0.071390554604132,0.0425217391304348,-0.339316363114178,-0.0731720733434792,-1.48772565754846,0.213636347587414,0.213636347587414,-12.683785304249,NA,NA,NA,NA,NA,NA,NA,NA,NA,NA,NA,NA,NA,NA,NA,NA,NA,NA,NA,NA,NA,NA,NA,NA,NA,NA,NA,NA,NA,NA,NA,NA,NA,NA,NA,NA,NA,NA,NA,NA,NA,NA,NA,NA,NA,NA,NA,NA,NA,NA,NA,NA,NA,1,1,1,1,NA,NA,NA,NA,NA,NA,NA,NA,NA,NA,NA,NA,NA,NA,NA,NA,NA,NA,NA,NA,NA,NA,NA,NA,NA,NA,NA,NA,NA,NA,NA,NA,NA,NA,NA,NA,NA,NA,NA,NA,NA,NA,NA,NA,NA,NA,NA,NA,NA,NA,NA,NA,NA,2,6
"50",-2.08798124469904,-0.593707901864108,2.74317267287447,0.0625217391304348,-0.948757213274158,0.969319911263848,-0.77425126829793,0.213636347587414,0.213636347587414,0.213636347587414,0.213636347587414,0.213636347587414,0.213636347587414,0.213636347587414,0.213636347587414,0.213636347587414,0.213636347587414,0.213636347587414,0.213636347587414,0.213636347587414,0.213636347587414,0.213636347587414,-11.3117191710749,NA,NA,NA,NA,NA,NA,NA,NA,NA,NA,NA,NA,NA,NA,NA,NA,NA,NA,NA,NA,NA,NA,NA,NA,NA,NA,NA,NA,NA,NA,NA,NA,NA,NA,NA,NA,NA,NA,NA,NA,1,1,1,1,1,1,1,1,1,1,1,1,1,1,1,1,1,NA,NA,NA,NA,NA,NA,NA,NA,NA,NA,NA,NA,NA,NA,NA,NA,NA,NA,NA,NA,NA,NA,NA,NA,NA,NA,NA,NA,NA,NA,NA,NA,NA,NA,NA,NA,NA,NA,NA,NA,4,6
"51",-1.62193410468103,-0.533785574096285,2.46179034333507,0.0625217391304348,-0.948757213274158,0.969319911263848,-1.10354714025971,0.213636347587414,0.213636347587414,0.213636347587414,0.213636347587414,0.213636347587414,0.213636347587414,0.213636347587414,0.213636347587414,0.213636347587414,-1.81702152951024,NA,NA,NA,NA,NA,NA,NA,NA,NA,NA,NA,NA,NA,NA,NA,NA,NA,NA,NA,NA,NA,NA,NA,NA,NA,NA,NA,NA,NA,NA,NA,NA,NA,NA,NA,NA,NA,NA,NA,NA,NA,NA,NA,NA,NA,NA,1,1,1,1,1,1,1,1,1,1,1,NA,NA,NA,NA,NA,NA,NA,NA,NA,NA,NA,NA,NA,NA,NA,NA,NA,NA,NA,NA,NA,NA,NA,NA,NA,NA,NA,NA,NA,NA,NA,NA,NA,NA,NA,NA,NA,NA,NA,NA,NA,NA,NA,NA,NA,NA,4,6
"52",-1.34921022274456,-0.666389616321921,2.45554550091226,0.0625217391304348,-0.948757213274158,0.969319911263848,-1.21331243091364,0.213636347587414,0.213636347587414,0.213636347587414,0.213636347587414,0.213636347587414,0.213636347587414,0.213636347587414,0.213636347587414,0.213636347587414,0.213636347587414,0.213636347587414,0.213636347587414,0.213636347587414,0.213636347587414,0.213636347587414,-3.90256205193485,NA,NA,NA,NA,NA,NA,NA,NA,NA,NA,NA,NA,NA,NA,NA,NA,NA,NA,NA,NA,NA,NA,NA,NA,NA,NA,NA,NA,NA,NA,NA,NA,NA,NA,NA,NA,NA,NA,NA,NA,1,1,1,1,1,1,1,1,1,1,1,1,1,1,1,1,1,NA,NA,NA,NA,NA,NA,NA,NA,NA,NA,NA,NA,NA,NA,NA,NA,NA,NA,NA,NA,NA,NA,NA,NA,NA,NA,NA,NA,NA,NA,NA,NA,NA,NA,NA,NA,NA,NA,NA,NA,4,6
"53",-1.72204793475897,-0.720875930147655,2.57688924936936,0.0625217391304348,-0.948757213274158,0.969319911263848,-1.32307772156757,0.213636347587414,0.213636347587414,0.213636347587414,0.213636347587414,0.213636347587414,0.213636347587414,0.213636347587414,0.213636347587414,0.213636347587414,0.213636347587414,0.213636347587414,0.213636347587414,0.213636347587414,0.213636347587414,0.213636347587414,-4.03976866525226,NA,NA,NA,NA,NA,NA,NA,NA,NA,NA,NA,NA,NA,NA,NA,NA,NA,NA,NA,NA,NA,NA,NA,NA,NA,NA,NA,NA,NA,NA,NA,NA,NA,NA,NA,NA,NA,NA,NA,NA,1,1,1,1,1,1,1,1,1,1,1,1,1,1,1,1,1,NA,NA,NA,NA,NA,NA,NA,NA,NA,NA,NA,NA,NA,NA,NA,NA,NA,NA,NA,NA,NA,NA,NA,NA,NA,NA,NA,NA,NA,NA,NA,NA,NA,NA,NA,NA,NA,NA,NA,NA,4,6
"54",-2.17083406959113,-0.69898467090698,2.43131153681523,0.0625217391304348,-0.948757213274158,0.969319911263848,-0.77425126829793,0.213636347587414,0.213636347587414,0.213636347587414,0.213636347587414,0.213636347587414,-0.829133913624893,NA,NA,NA,NA,NA,NA,NA,NA,NA,NA,NA,NA,NA,NA,NA,NA,NA,NA,NA,NA,NA,NA,NA,NA,NA,NA,NA,NA,NA,NA,NA,NA,NA,NA,NA,NA,NA,NA,NA,NA,NA,NA,NA,NA,NA,NA,NA,NA,NA,NA,1,1,1,1,1,1,1,NA,NA,NA,NA,NA,NA,NA,NA,NA,NA,NA,NA,NA,NA,NA,NA,NA,NA,NA,NA,NA,NA,NA,NA,NA,NA,NA,NA,NA,NA,NA,NA,NA,NA,NA,NA,NA,NA,NA,NA,NA,NA,NA,NA,NA,NA,NA,NA,NA,NA,4,6
"55",-1.99477181669543,-0.586095379438436,2.31935989884549,0.0625217391304348,-0.948757213274158,0.969319911263848,-0.884016558951857,0.213636347587414,0.213636347587414,0.213636347587414,0.213636347587414,0.213636347587414,0.213636347587414,0.213636347587414,-0.0607768790474038,NA,NA,NA,NA,NA,NA,NA,NA,NA,NA,NA,NA,NA,NA,NA,NA,NA,NA,NA,NA,NA,NA,NA,NA,NA,NA,NA,NA,NA,NA,NA,NA,NA,NA,NA,NA,NA,NA,NA,NA,NA,NA,NA,NA,NA,NA,NA,NA,1,1,1,1,1,1,1,1,1,NA,NA,NA,NA,NA,NA,NA,NA,NA,NA,NA,NA,NA,NA,NA,NA,NA,NA,NA,NA,NA,NA,NA,NA,NA,NA,NA,NA,NA,NA,NA,NA,NA,NA,NA,NA,NA,NA,NA,NA,NA,NA,NA,NA,NA,NA,NA,NA,4,6
"56",-1.84287497105994,-0.4067910356194,2.21928505667722,0.0625217391304348,-0.948757213274158,0.969319911263848,-0.993781849605784,0.213636347587414,0.213636347587414,0.213636347587414,0.213636347587414,0.213636347587414,-1.98166946549113,NA,NA,NA,NA,NA,NA,NA,NA,NA,NA,NA,NA,NA,NA,NA,NA,NA,NA,NA,NA,NA,NA,NA,NA,NA,NA,NA,NA,NA,NA,NA,NA,NA,NA,NA,NA,NA,NA,NA,NA,NA,NA,NA,NA,NA,NA,NA,NA,NA,NA,1,1,1,1,1,1,1,NA,NA,NA,NA,NA,NA,NA,NA,NA,NA,NA,NA,NA,NA,NA,NA,NA,NA,NA,NA,NA,NA,NA,NA,NA,NA,NA,NA,NA,NA,NA,NA,NA,NA,NA,NA,NA,NA,NA,NA,NA,NA,NA,NA,NA,NA,NA,NA,NA,NA,4,6
"57",-1.94989320321222,-0.491995559758118,2.26231152403335,0.0625217391304348,-0.948757213274158,0.969319911263848,-1.10354714025971,0.213636347587414,0.213636347587414,NA,NA,NA,NA,NA,NA,NA,NA,NA,NA,NA,NA,NA,NA,NA,NA,NA,NA,NA,NA,NA,NA,NA,NA,NA,NA,NA,NA,NA,NA,NA,NA,NA,NA,NA,NA,NA,NA,NA,NA,NA,NA,NA,NA,NA,NA,NA,NA,NA,NA,NA,NA,NA,NA,1,1,1,NA,NA,NA,NA,NA,NA,NA,NA,NA,NA,NA,NA,NA,NA,NA,NA,NA,NA,NA,NA,NA,NA,NA,NA,NA,NA,NA,NA,NA,NA,NA,NA,NA,NA,NA,NA,NA,NA,NA,NA,NA,NA,NA,NA,NA,NA,NA,NA,NA,NA,NA,NA,NA,NA,4,6
"58",-1.9291799969892,-0.591857343926376,2.61714115145806,0.0625217391304348,-0.948757213274158,0.969319911263848,-1.21331243091364,0.213636347587414,0.213636347587414,0.213636347587414,0.213636347587414,0.213636347587414,0.213636347587414,0.213636347587414,0.213636347587414,0.213636347587414,-0.154077376103243,NA,NA,NA,NA,NA,NA,NA,NA,NA,NA,NA,NA,NA,NA,NA,NA,NA,NA,NA,NA,NA,NA,NA,NA,NA,NA,NA,NA,NA,NA,NA,NA,NA,NA,NA,NA,NA,NA,NA,NA,NA,NA,NA,NA,NA,NA,1,1,1,1,1,1,1,1,1,1,1,NA,NA,NA,NA,NA,NA,NA,NA,NA,NA,NA,NA,NA,NA,NA,NA,NA,NA,NA,NA,NA,NA,NA,NA,NA,NA,NA,NA,NA,NA,NA,NA,NA,NA,NA,NA,NA,NA,NA,NA,NA,NA,NA,NA,NA,NA,4,6
"59",-1.9637020073609,-0.654497678665243,2.90151338565879,0.0625217391304348,-0.948757213274158,0.969319911263848,-1.32307772156757,0.213636347587414,0.213636347587414,0.213636347587414,-0.197983492364813,NA,NA,NA,NA,NA,NA,NA,NA,NA,NA,NA,NA,NA,NA,NA,NA,NA,NA,NA,NA,NA,NA,NA,NA,NA,NA,NA,NA,NA,NA,NA,NA,NA,NA,NA,NA,NA,NA,NA,NA,NA,NA,NA,NA,NA,NA,NA,NA,NA,NA,NA,NA,1,1,1,1,1,NA,NA,NA,NA,NA,NA,NA,NA,NA,NA,NA,NA,NA,NA,NA,NA,NA,NA,NA,NA,NA,NA,NA,NA,NA,NA,NA,NA,NA,NA,NA,NA,NA,NA,NA,NA,NA,NA,NA,NA,NA,NA,NA,NA,NA,NA,NA,NA,NA,NA,NA,NA,4,6
"60",0.349272687543286,-0.399819899751692,-0.574296335691153,-0.0474782608695652,-0.287814319438687,-0.289564012707141,-0.938899204278821,0.213636347587414,0.213636347587414,0.213636347587414,0.213636347587414,0.213636347587414,0.213636347587414,0.213636347587414,0.213636347587414,0.213636347587414,0.213636347587414,0.213636347587414,0.213636347587414,0.213636347587414,0.213636347587414,0.213636347587414,0.213636347587414,0.213636347587414,0.213636347587414,0.213636347587414,0.213636347587414,0.213636347587414,0.213636347587414,0.213636347587414,0.213636347587414,0.213636347587414,0.213636347587414,0.213636347587414,0.213636347587414,0.213636347587414,0.213636347587414,0.213636347587414,0.213636347587414,0.213636347587414,0.213636347587414,0.213636347587414,0.213636347587414,0.213636347587414,0.213636347587414,-1.10354714025971,NA,NA,NA,NA,NA,NA,NA,NA,NA,NA,NA,NA,NA,NA,NA,NA,NA,0,0,0,0,0,0,0,0,0,0,0,0,0,0,0,0,0,0,0,0,0,0,0,0,0,0,0,0,0,0,0,0,0,0,0,0,0,0,0,0,NA,NA,NA,NA,NA,NA,NA,NA,NA,NA,NA,NA,NA,NA,NA,NA,NA,1,6
"61",0.587474559108046,-0.495496899492578,-0.522449235469905,-0.0474782608695652,-0.287814319438687,-0.289564012707141,-1.04866449493275,0.213636347587414,0.213636347587414,0.213636347587414,0.213636347587414,0.213636347587414,0.213636347587414,0.213636347587414,0.213636347587414,0.213636347587414,0.213636347587414,0.213636347587414,0.213636347587414,0.213636347587414,0.213636347587414,0.213636347587414,0.213636347587414,0.213636347587414,0.213636347587414,0.213636347587414,0.213636347587414,0.213636347587414,0.213636347587414,0.213636347587414,0.213636347587414,0.213636347587414,0.213636347587414,0.213636347587414,0.213636347587414,0.213636347587414,0.213636347587414,0.213636347587414,0.213636347587414,0.213636347587414,0.213636347587414,0.213636347587414,0.213636347587414,0.213636347587414,0.213636347587414,-1.04866449493275,NA,NA,NA,NA,NA,NA,NA,NA,NA,NA,NA,NA,NA,NA,NA,NA,NA,1,1,1,1,1,1,1,1,1,1,1,1,1,1,1,1,1,1,1,1,1,1,1,1,1,1,1,1,1,1,1,1,1,1,1,1,1,1,1,1,NA,NA,NA,NA,NA,NA,NA,NA,NA,NA,NA,NA,NA,NA,NA,NA,NA,1,6
"62",0.62199656947975,-0.373801686019199,-0.502323284425555,-0.0474782608695652,-0.287814319438687,-0.289564012707141,-1.15842978558667,0.213636347587414,0.213636347587414,0.213636347587414,0.213636347587414,0.213636347587414,0.213636347587414,0.213636347587414,0.213636347587414,0.213636347587414,0.213636347587414,0.213636347587414,0.213636347587414,0.213636347587414,0.213636347587414,0.213636347587414,0.213636347587414,0.213636347587414,0.213636347587414,0.213636347587414,0.213636347587414,0.213636347587414,0.213636347587414,0.213636347587414,0.213636347587414,0.213636347587414,0.213636347587414,0.213636347587414,0.213636347587414,-3.35373559866522,NA,NA,NA,NA,NA,NA,NA,NA,NA,NA,NA,NA,NA,NA,NA,NA,NA,NA,NA,NA,NA,NA,NA,NA,NA,NA,NA,0,0,0,0,0,0,0,0,0,0,0,0,0,0,0,0,0,0,0,0,0,0,0,0,0,0,0,0,0,0,NA,NA,NA,NA,NA,NA,NA,NA,NA,NA,NA,NA,NA,NA,NA,NA,NA,NA,NA,NA,NA,NA,NA,NA,NA,NA,NA,1,6
"63",0.387246898952161,-0.297792121633589,-0.509131322186236,-0.0474782608695652,-0.287814319438687,-0.289564012707141,-1.32307772156757,0.213636347587414,0.213636347587414,0.213636347587414,0.213636347587414,0.213636347587414,0.213636347587414,0.213636347587414,0.213636347587414,0.213636347587414,0.213636347587414,0.213636347587414,0.213636347587414,0.213636347587414,0.213636347587414,0.213636347587414,0.213636347587414,0.213636347587414,0.213636347587414,0.213636347587414,0.213636347587414,0.213636347587414,0.213636347587414,0.213636347587414,0.213636347587414,0.213636347587414,0.213636347587414,0.213636347587414,0.213636347587414,0.213636347587414,0.213636347587414,0.213636347587414,0.213636347587414,0.213636347587414,0.213636347587414,0.213636347587414,0.213636347587414,0.213636347587414,0.213636347587414,-0.884016558951857,NA,NA,NA,NA,NA,NA,NA,NA,NA,NA,NA,NA,NA,NA,NA,NA,NA,1,1,1,1,1,1,1,1,1,1,1,1,1,1,1,1,1,1,1,1,1,1,1,1,1,1,1,1,1,1,1,1,1,1,1,1,1,1,1,1,NA,NA,NA,NA,NA,NA,NA,NA,NA,NA,NA,NA,NA,NA,NA,NA,NA,1,6
"64",0.366533692729138,-0.276926029432283,-0.502588317525727,-0.0474782608695652,-0.287814319438687,-0.289564012707141,-1.32307772156757,0.213636347587414,0.213636347587414,0.213636347587414,0.213636347587414,0.213636347587414,0.213636347587414,0.213636347587414,0.213636347587414,0.213636347587414,0.213636347587414,0.213636347587414,0.213636347587414,0.213636347587414,0.213636347587414,0.213636347587414,0.213636347587414,0.213636347587414,0.213636347587414,0.213636347587414,0.213636347587414,0.213636347587414,0.213636347587414,0.213636347587414,0.213636347587414,0.213636347587414,0.213636347587414,0.213636347587414,0.213636347587414,0.213636347587414,0.213636347587414,0.213636347587414,0.213636347587414,0.213636347587414,0.213636347587414,0.213636347587414,0.213636347587414,0.213636347587414,0.213636347587414,-0.884016558951857,NA,NA,NA,NA,NA,NA,NA,NA,NA,NA,NA,NA,NA,NA,NA,NA,NA,1,1,1,1,1,1,1,1,1,1,1,1,1,1,1,1,1,1,1,1,1,1,1,1,1,1,1,1,1,1,1,1,1,1,1,1,1,1,1,1,NA,NA,NA,NA,NA,NA,NA,NA,NA,NA,NA,NA,NA,NA,NA,NA,NA,1,6
"65",0.680683987111647,-0.469189536082314,-0.45159429259566,-0.0474782608695652,-0.287814319438687,-0.289564012707141,-0.993781849605784,0.213636347587414,0.213636347587414,0.213636347587414,0.213636347587414,0.213636347587414,0.213636347587414,0.213636347587414,0.213636347587414,0.213636347587414,0.213636347587414,0.213636347587414,0.213636347587414,0.213636347587414,0.213636347587414,0.213636347587414,0.213636347587414,0.213636347587414,0.213636347587414,0.213636347587414,0.213636347587414,0.213636347587414,0.213636347587414,0.213636347587414,0.213636347587414,0.213636347587414,0.213636347587414,0.213636347587414,0.213636347587414,0.213636347587414,0.213636347587414,0.213636347587414,0.213636347587414,0.213636347587414,0.213636347587414,0.213636347587414,0.213636347587414,0.213636347587414,0.213636347587414,0.213636347587414,0.213636347587414,0.213636347587414,0.213636347587414,0.213636347587414,0.213636347587414,0.213636347587414,0.213636347587414,0.213636347587414,0.213636347587414,0.213636347587414,0.213636347587414,0.213636347587414,0.213636347587414,0.213636347587414,0.213636347587414,0.213636347587414,-1.70725623885631,1,1,1,1,1,1,1,1,1,1,1,1,1,1,1,1,1,1,1,1,1,1,1,1,1,1,1,1,1,1,1,1,1,1,1,1,1,1,1,1,1,1,1,1,1,1,1,1,1,1,1,1,1,1,1,1,1,1,6
"66",0.960312271122452,-0.624547029315069,-0.459321663922565,-0.0474782608695652,-0.287814319438687,-0.289564012707141,-1.70725623885631,0.213636347587414,0.213636347587414,0.213636347587414,0.213636347587414,0.213636347587414,0.213636347587414,0.213636347587414,0.213636347587414,0.213636347587414,0.213636347587414,0.213636347587414,0.213636347587414,0.213636347587414,0.213636347587414,-3.49094221198263,NA,NA,NA,NA,NA,NA,NA,NA,NA,NA,NA,NA,NA,NA,NA,NA,NA,NA,NA,NA,NA,NA,NA,NA,NA,NA,NA,NA,NA,NA,NA,NA,NA,NA,NA,NA,NA,NA,NA,NA,NA,1,1,1,1,1,1,1,1,1,1,1,1,1,1,1,1,NA,NA,NA,NA,NA,NA,NA,NA,NA,NA,NA,NA,NA,NA,NA,NA,NA,NA,NA,NA,NA,NA,NA,NA,NA,NA,NA,NA,NA,NA,NA,NA,NA,NA,NA,NA,NA,NA,NA,NA,NA,1,6
"67",0.45974312073274,-0.55450972009214,-0.532172637332484,-0.0474782608695652,-0.287814319438687,-0.289564012707141,-1.15842978558667,0.213636347587414,0.213636347587414,0.213636347587414,0.213636347587414,0.213636347587414,0.213636347587414,0.213636347587414,0.213636347587414,0.213636347587414,0.213636347587414,0.213636347587414,0.213636347587414,0.213636347587414,0.213636347587414,0.213636347587414,0.213636347587414,0.213636347587414,0.213636347587414,0.213636347587414,0.213636347587414,0.213636347587414,0.213636347587414,0.213636347587414,0.213636347587414,0.213636347587414,0.213636347587414,0.213636347587414,0.213636347587414,0.213636347587414,0.213636347587414,0.213636347587414,0.213636347587414,0.213636347587414,0.213636347587414,0.213636347587414,0.213636347587414,0.213636347587414,0.213636347587414,0.213636347587414,0.213636347587414,0.213636347587414,0.213636347587414,0.213636347587414,-2.16278219507011,NA,NA,NA,NA,NA,NA,NA,NA,NA,NA,NA,NA,1,1,1,1,1,1,1,1,1,1,1,1,1,1,1,1,1,1,1,1,1,1,1,1,1,1,1,1,1,1,1,1,1,1,1,1,1,1,1,1,1,1,1,1,1,NA,NA,NA,NA,NA,NA,NA,NA,NA,NA,NA,NA,1,6
"68",1.22613175098457,-0.785382594624861,-0.487158421725059,-0.0474782608695652,-0.287814319438687,-0.289564012707141,-1.2681950762406,0.213636347587414,0.213636347587414,0.213636347587414,0.213636347587414,0.213636347587414,0.213636347587414,0.213636347587414,0.213636347587414,0.213636347587414,0.213636347587414,0.213636347587414,0.213636347587414,0.213636347587414,0.213636347587414,0.213636347587414,0.213636347587414,0.213636347587414,0.213636347587414,0.213636347587414,0.213636347587414,0.213636347587414,0.213636347587414,0.213636347587414,0.213636347587414,0.213636347587414,0.213636347587414,0.213636347587414,0.213636347587414,0.213636347587414,0.213636347587414,0.213636347587414,0.213636347587414,0.213636347587414,0.213636347587414,0.213636347587414,0.213636347587414,0.213636347587414,0.213636347587414,0.213636347587414,0.213636347587414,0.213636347587414,0.213636347587414,0.213636347587414,-2.07496996254697,NA,NA,NA,NA,NA,NA,NA,NA,NA,NA,NA,NA,1,1,1,1,1,1,1,1,1,1,1,1,1,1,1,1,1,1,1,1,1,1,1,1,1,1,1,1,1,1,1,1,1,1,1,1,1,1,1,1,1,1,1,1,1,NA,NA,NA,NA,NA,NA,NA,NA,NA,NA,NA,NA,1,6
"69",1.29517577172798,-0.797511109290624,-0.488193707272608,-0.0474782608695652,-0.287814319438687,-0.289564012707141,-1.32307772156757,0.213636347587414,0.213636347587414,0.213636347587414,0.213636347587414,0.213636347587414,0.213636347587414,0.213636347587414,0.213636347587414,0.213636347587414,0.213636347587414,0.213636347587414,0.213636347587414,0.213636347587414,0.213636347587414,0.213636347587414,0.213636347587414,0.213636347587414,0.213636347587414,0.213636347587414,0.213636347587414,0.213636347587414,0.213636347587414,0.213636347587414,0.213636347587414,0.213636347587414,0.213636347587414,0.213636347587414,0.213636347587414,0.213636347587414,0.213636347587414,0.213636347587414,0.213636347587414,0.213636347587414,0.213636347587414,0.213636347587414,0.213636347587414,0.213636347587414,0.213636347587414,0.213636347587414,0.213636347587414,0.213636347587414,0.213636347587414,0.213636347587414,0.213636347587414,0.213636347587414,0.213636347587414,0.213636347587414,0.213636347587414,0.213636347587414,0.213636347587414,0.213636347587414,0.213636347587414,0.213636347587414,0.213636347587414,0.213636347587414,-1.49870218661385,1,1,1,1,1,1,1,1,1,1,1,1,1,1,1,1,1,1,1,1,1,1,1,1,1,1,1,1,1,1,1,1,1,1,1,1,1,1,1,1,1,1,1,1,1,1,1,1,1,1,1,1,1,1,1,1,1,1,6
"70",1.95799837086471,-0.68363870891766,-0.616825865984461,-0.0474782608695652,-0.287814319438687,-0.289564012707141,-1.43284301222149,0.213636347587414,0.213636347587414,0.213636347587414,0.213636347587414,0.213636347587414,0.213636347587414,0.213636347587414,0.213636347587414,0.213636347587414,0.213636347587414,0.213636347587414,0.213636347587414,0.213636347587414,0.213636347587414,0.213636347587414,0.213636347587414,0.213636347587414,0.213636347587414,0.213636347587414,0.213636347587414,0.213636347587414,0.213636347587414,0.213636347587414,0.213636347587414,0.213636347587414,0.213636347587414,0.213636347587414,0.213636347587414,0.213636347587414,0.213636347587414,0.213636347587414,0.213636347587414,0.213636347587414,0.213636347587414,0.213636347587414,0.213636347587414,0.213636347587414,0.213636347587414,0.213636347587414,0.213636347587414,0.213636347587414,0.213636347587414,0.213636347587414,-4.17697527856967,NA,NA,NA,NA,NA,NA,NA,NA,NA,NA,NA,NA,1,1,1,1,1,1,1,1,1,1,1,1,1,1,1,1,1,1,1,1,1,1,1,1,1,1,1,1,1,1,1,1,1,1,1,1,1,1,1,1,1,1,1,1,1,NA,NA,NA,NA,NA,NA,NA,NA,NA,NA,NA,NA,1,6
"71",0.684136188148818,-0.478342437700473,-0.783763589955623,-0.0474782608695652,-0.287814319438687,-0.289564012707141,-1.59749094820238,0.213636347587414,0.213636347587414,0.213636347587414,0.213636347587414,0.213636347587414,0.213636347587414,0.213636347587414,-0.746809945634448,NA,NA,NA,NA,NA,NA,NA,NA,NA,NA,NA,NA,NA,NA,NA,NA,NA,NA,NA,NA,NA,NA,NA,NA,NA,NA,NA,NA,NA,NA,NA,NA,NA,NA,NA,NA,NA,NA,NA,NA,NA,NA,NA,NA,NA,NA,NA,NA,1,1,1,1,1,1,1,1,1,NA,NA,NA,NA,NA,NA,NA,NA,NA,NA,NA,NA,NA,NA,NA,NA,NA,NA,NA,NA,NA,NA,NA,NA,NA,NA,NA,NA,NA,NA,NA,NA,NA,NA,NA,NA,NA,NA,NA,NA,NA,NA,NA,NA,NA,NA,NA,NA,1,6
"72",-0.962563706581476,-0.734371334199243,-0.648828612830292,-0.0474782608695652,-0.287814319438687,-0.289564012707141,-0.938899204278821,0.213636347587414,0.213636347587414,0.213636347587414,0.213636347587414,0.213636347587414,0.213636347587414,0.213636347587414,0.213636347587414,0.213636347587414,0.213636347587414,0.213636347587414,0.213636347587414,0.213636347587414,0.213636347587414,0.213636347587414,0.213636347587414,0.213636347587414,0.213636347587414,0.213636347587414,0.213636347587414,0.213636347587414,0.213636347587414,0.213636347587414,0.213636347587414,0.213636347587414,0.213636347587414,0.213636347587414,0.213636347587414,-1.15842978558667,NA,NA,NA,NA,NA,NA,NA,NA,NA,NA,NA,NA,NA,NA,NA,NA,NA,NA,NA,NA,NA,NA,NA,NA,NA,NA,NA,1,1,1,1,1,1,1,1,1,1,1,1,1,1,1,1,1,1,1,1,1,1,1,1,1,1,1,1,1,1,NA,NA,NA,NA,NA,NA,NA,NA,NA,NA,NA,NA,NA,NA,NA,NA,NA,NA,NA,NA,NA,NA,NA,NA,NA,NA,NA,1,6
"73",-0.807214659908807,-0.263309708242718,-0.602994451069208,-0.0474782608695652,-0.287814319438687,-0.289564012707141,-1.2681950762406,0.213636347587414,0.213636347587414,0.213636347587414,0.213636347587414,0.213636347587414,0.213636347587414,0.213636347587414,0.213636347587414,0.213636347587414,0.213636347587414,0.213636347587414,0.213636347587414,0.213636347587414,0.213636347587414,0.213636347587414,0.213636347587414,0.213636347587414,0.213636347587414,0.213636347587414,0.213636347587414,0.213636347587414,0.213636347587414,0.213636347587414,0.213636347587414,0.213636347587414,0.213636347587414,0.213636347587414,0.213636347587414,0.213636347587414,0.213636347587414,0.213636347587414,0.213636347587414,0.213636347587414,0.213636347587414,0.213636347587414,0.213636347587414,0.213636347587414,0.213636347587414,0.213636347587414,0.213636347587414,0.213636347587414,0.213636347587414,0.213636347587414,-1.61395574180047,NA,NA,NA,NA,NA,NA,NA,NA,NA,NA,NA,NA,1,1,1,1,1,1,1,1,1,1,1,1,1,1,1,1,1,1,1,1,1,1,1,1,1,1,1,1,1,1,1,1,1,1,1,1,1,1,1,1,1,1,1,1,1,NA,NA,NA,NA,NA,NA,NA,NA,NA,NA,NA,NA,1,6
"74",-0.700196427756524,-0.0907346660154361,-0.581203760864399,-0.0474782608695652,-0.287814319438687,-0.289564012707141,-1.21331243091364,0.213636347587414,0.213636347587414,0.213636347587414,0.213636347587414,0.213636347587414,0.213636347587414,0.213636347587414,0.213636347587414,0.213636347587414,0.213636347587414,0.213636347587414,0.213636347587414,0.213636347587414,0.213636347587414,0.213636347587414,-0.609603332317039,-12.9581985308838,-12.9581985308838,-12.9581985308838,-12.9581985308838,-12.9581985308838,-12.9581985308838,-2.91467443604951,0.213636347587414,0.213636347587414,0.213636347587414,0.213636347587414,0.213636347587414,0.213636347587414,0.213636347587414,0.213636347587414,0.213636347587414,-1.76213888418327,NA,NA,NA,NA,NA,NA,NA,NA,NA,NA,NA,NA,NA,NA,NA,NA,NA,NA,NA,NA,NA,NA,NA,1,1,1,1,1,1,1,1,1,1,1,1,1,1,1,1,1,1,1,1,1,1,1,1,1,1,1,1,1,1,1,1,1,1,NA,NA,NA,NA,NA,NA,NA,NA,NA,NA,NA,NA,NA,NA,NA,NA,NA,NA,NA,NA,NA,NA,NA,1,6
"75",-0.458542355154594,0.0271385144445007,-0.55962841005348,-0.0474782608695652,-0.287814319438687,-0.289564012707141,-1.48772565754846,0.213636347587414,0.213636347587414,0.213636347587414,0.213636347587414,0.213636347587414,0.213636347587414,0.213636347587414,0.213636347587414,0.213636347587414,0.213636347587414,0.213636347587414,0.213636347587414,0.213636347587414,0.213636347587414,0.213636347587414,0.213636347587414,0.213636347587414,0.213636347587414,0.213636347587414,0.213636347587414,0.213636347587414,0.213636347587414,0.213636347587414,0.213636347587414,0.213636347587414,0.213636347587414,0.213636347587414,0.213636347587414,0.213636347587414,0.213636347587414,0.213636347587414,0.213636347587414,0.213636347587414,0.213636347587414,0.213636347587414,0.213636347587414,0.213636347587414,0.213636347587414,0.213636347587414,0.213636347587414,0.213636347587414,0.213636347587414,0.213636347587414,-1.98166946549113,NA,NA,NA,NA,NA,NA,NA,NA,NA,NA,NA,NA,1,1,1,1,1,1,1,1,1,1,1,1,1,1,1,1,1,1,1,1,1,1,1,1,1,1,1,1,1,1,1,1,1,1,1,1,1,1,1,1,1,1,1,1,1,NA,NA,NA,NA,NA,NA,NA,NA,NA,NA,NA,NA,1,6
"76",0.0178613879749252,-0.103925148588648,-0.529605129174563,-0.0474782608695652,-0.287814319438687,-0.289564012707141,-1.37796036689453,0.213636347587414,0.213636347587414,0.213636347587414,0.213636347587414,0.213636347587414,0.213636347587414,0.213636347587414,0.213636347587414,0.213636347587414,0.213636347587414,0.213636347587414,0.213636347587414,0.213636347587414,0.213636347587414,0.213636347587414,0.213636347587414,0.213636347587414,0.213636347587414,0.213636347587414,0.213636347587414,0.213636347587414,0.213636347587414,0.213636347587414,0.213636347587414,0.213636347587414,0.213636347587414,0.213636347587414,0.213636347587414,0.213636347587414,0.213636347587414,0.213636347587414,0.213636347587414,0.213636347587414,0.213636347587414,0.213636347587414,0.213636347587414,0.213636347587414,0.213636347587414,0.213636347587414,0.213636347587414,0.213636347587414,0.213636347587414,0.213636347587414,-1.98166946549113,NA,NA,NA,NA,NA,NA,NA,NA,NA,NA,NA,NA,1,1,1,1,1,1,1,1,1,1,1,1,1,1,1,1,1,1,1,1,1,1,1,1,1,1,1,1,1,1,1,1,1,1,1,1,1,1,1,1,1,1,1,1,1,NA,NA,NA,NA,NA,NA,NA,NA,NA,NA,NA,NA,1,6
"77",0.532239342513319,-0.166760002201652,-0.492641293984878,-0.0474782608695652,-0.287814319438687,-0.289564012707141,-1.48772565754846,0.213636347587414,0.213636347587414,0.213636347587414,0.213636347587414,0.213636347587414,0.213636347587414,0.213636347587414,0.213636347587414,0.213636347587414,0.213636347587414,0.213636347587414,0.213636347587414,0.213636347587414,0.213636347587414,0.213636347587414,0.213636347587414,0.213636347587414,0.213636347587414,0.213636347587414,0.213636347587414,0.213636347587414,0.213636347587414,0.213636347587414,0.213636347587414,0.213636347587414,0.213636347587414,0.213636347587414,0.213636347587414,0.213636347587414,0.213636347587414,0.213636347587414,0.213636347587414,0.213636347587414,-0.719368622970966,NA,NA,NA,NA,NA,NA,NA,NA,NA,NA,NA,NA,NA,NA,NA,NA,NA,NA,NA,NA,NA,NA,1,1,1,1,1,1,1,1,1,1,1,1,1,1,1,1,1,1,1,1,1,1,1,1,1,1,1,1,1,1,1,1,1,1,1,NA,NA,NA,NA,NA,NA,NA,NA,NA,NA,NA,NA,NA,NA,NA,NA,NA,NA,NA,NA,NA,NA,1,6
"78",0.825676430672805,-0.522713770071102,-0.43699262523303,-0.0474782608695652,-0.287814319438687,-0.289564012707141,-1.54260830287542,0.213636347587414,0.213636347587414,0.213636347587414,0.213636347587414,0.213636347587414,0.213636347587414,0.213636347587414,0.213636347587414,0.213636347587414,0.213636347587414,0.213636347587414,0.213636347587414,0.213636347587414,0.213636347587414,0.213636347587414,0.213636347587414,0.213636347587414,0.213636347587414,0.213636347587414,0.213636347587414,0.213636347587414,0.213636347587414,0.213636347587414,0.213636347587414,0.213636347587414,0.213636347587414,0.213636347587414,0.213636347587414,0.213636347587414,0.213636347587414,0.213636347587414,0.213636347587414,0.213636347587414,0.213636347587414,0.213636347587414,-3.44703609572106,NA,NA,NA,NA,NA,NA,NA,NA,NA,NA,NA,NA,NA,NA,NA,NA,NA,NA,NA,NA,1,1,1,1,1,1,1,1,1,1,1,1,1,1,1,1,1,1,1,1,1,1,1,1,1,1,1,1,1,1,1,1,1,1,1,1,1,NA,NA,NA,NA,NA,NA,NA,NA,NA,NA,NA,NA,NA,NA,NA,NA,NA,NA,NA,NA,1,6
"79",1.31588897795101,-0.72301038049629,-0.420651678150519,-0.0474782608695652,-0.287814319438687,-0.289564012707141,-1.65237359352935,0.213636347587414,0.213636347587414,0.213636347587414,0.213636347587414,0.213636347587414,0.213636347587414,0.213636347587414,0.213636347587414,0.213636347587414,0.213636347587414,0.213636347587414,0.213636347587414,0.213636347587414,0.213636347587414,0.213636347587414,0.213636347587414,0.213636347587414,0.213636347587414,0.213636347587414,0.213636347587414,0.213636347587414,0.213636347587414,0.213636347587414,0.213636347587414,0.213636347587414,0.213636347587414,0.213636347587414,0.213636347587414,-2.34938318918178,NA,NA,NA,NA,NA,NA,NA,NA,NA,NA,NA,NA,NA,NA,NA,NA,NA,NA,NA,NA,NA,NA,NA,NA,NA,NA,NA,1,1,1,1,1,1,1,1,1,1,1,1,1,1,1,1,1,1,1,1,1,1,1,1,1,1,1,1,1,1,NA,NA,NA,NA,NA,NA,NA,NA,NA,NA,NA,NA,NA,NA,NA,NA,NA,NA,NA,NA,NA,NA,NA,NA,NA,NA,NA,1,6
"80",-0.686387623607842,-0.291667405731719,-0.798787653821652,-0.0474782608695652,-0.287814319438687,-0.289564012707141,-1.2681950762406,0.213636347587414,0.213636347587414,0.213636347587414,0.213636347587414,0.213636347587414,0.213636347587414,0.213636347587414,0.213636347587414,0.213636347587414,0.213636347587414,0.213636347587414,0.213636347587414,0.213636347587414,0.213636347587414,0.213636347587414,-1.98166946549113,NA,NA,NA,NA,NA,NA,NA,NA,NA,NA,NA,NA,NA,NA,NA,NA,NA,NA,NA,NA,NA,NA,NA,NA,NA,NA,NA,NA,NA,NA,NA,NA,NA,NA,NA,NA,NA,NA,NA,NA,1,1,1,1,1,1,1,1,1,1,1,1,1,1,1,1,1,NA,NA,NA,NA,NA,NA,NA,NA,NA,NA,NA,NA,NA,NA,NA,NA,NA,NA,NA,NA,NA,NA,NA,NA,NA,NA,NA,NA,NA,NA,NA,NA,NA,NA,NA,NA,NA,NA,NA,NA,1,6
"81",-0.596630396641411,-0.344739514769811,-0.792310907436186,-0.0474782608695652,-0.287814319438687,-0.289564012707141,-1.37796036689453,0.213636347587414,0.213636347587414,0.213636347587414,0.213636347587414,0.213636347587414,0.213636347587414,0.213636347587414,0.213636347587414,-6.37228109164821,NA,NA,NA,NA,NA,NA,NA,NA,NA,NA,NA,NA,NA,NA,NA,NA,NA,NA,NA,NA,NA,NA,NA,NA,NA,NA,NA,NA,NA,NA,NA,NA,NA,NA,NA,NA,NA,NA,NA,NA,NA,NA,NA,NA,NA,NA,NA,1,1,1,1,1,1,1,1,1,1,NA,NA,NA,NA,NA,NA,NA,NA,NA,NA,NA,NA,NA,NA,NA,NA,NA,NA,NA,NA,NA,NA,NA,NA,NA,NA,NA,NA,NA,NA,NA,NA,NA,NA,NA,NA,NA,NA,NA,NA,NA,NA,NA,NA,NA,NA,NA,1,6
"82",-1.19731337710907,-0.7767817060279,-0.713803133794459,-0.0474782608695652,-0.287814319438687,-0.289564012707141,-1.65237359352935,0.213636347587414,0.213636347587414,0.213636347587414,0.213636347587414,0.213636347587414,0.213636347587414,0.213636347587414,0.213636347587414,0.213636347587414,0.213636347587414,0.213636347587414,0.213636347587414,0.213636347587414,0.213636347587414,0.213636347587414,0.213636347587414,0.213636347587414,0.213636347587414,0.213636347587414,0.213636347587414,0.213636347587414,0.213636347587414,0.213636347587414,0.213636347587414,0.213636347587414,0.213636347587414,0.213636347587414,0.213636347587414,0.213636347587414,0.213636347587414,0.213636347587414,0.213636347587414,0.213636347587414,0.213636347587414,0.213636347587414,0.213636347587414,-1.15842978558667,NA,NA,NA,NA,NA,NA,NA,NA,NA,NA,NA,NA,NA,NA,NA,NA,NA,NA,NA,0,0,0,0,0,0,0,0,0,0,0,0,0,0,0,0,0,0,0,0,0,0,0,0,0,0,0,0,0,0,0,0,0,0,0,0,0,0,NA,NA,NA,NA,NA,NA,NA,NA,NA,NA,NA,NA,NA,NA,NA,NA,NA,NA,NA,1,6
"83",-0.59317819560424,-0.41072872850395,-0.953177716956521,-0.0474782608695652,-0.287814319438687,-0.289564012707141,-1.8719041748372,0.213636347587414,0.213636347587414,0.213636347587414,0.213636347587414,0.213636347587414,0.213636347587414,0.213636347587414,0.213636347587414,0.213636347587414,0.213636347587414,0.213636347587414,0.213636347587414,0.213636347587414,0.213636347587414,0.213636347587414,0.213636347587414,0.213636347587414,0.213636347587414,0.213636347587414,0.213636347587414,0.213636347587414,0.213636347587414,0.213636347587414,0.213636347587414,0.213636347587414,0.213636347587414,0.213636347587414,0.213636347587414,0.213636347587414,0.213636347587414,-0.664485977644004,NA,NA,NA,NA,NA,NA,NA,NA,NA,NA,NA,NA,NA,NA,NA,NA,NA,NA,NA,NA,NA,NA,NA,NA,NA,1,1,1,1,1,1,1,1,1,1,1,1,1,1,1,1,1,1,1,1,1,1,1,1,1,1,1,1,1,1,1,1,NA,NA,NA,NA,NA,NA,NA,NA,NA,NA,NA,NA,NA,NA,NA,NA,NA,NA,NA,NA,NA,NA,NA,NA,NA,1,6
"84",-0.493064365526298,-0.477422415998476,-0.987946746785403,-0.0474782608695652,-0.287814319438687,-0.289564012707141,-1.65237359352935,0.213636347587414,0.213636347587414,0.213636347587414,0.213636347587414,0.213636347587414,0.213636347587414,0.213636347587414,0.213636347587414,0.213636347587414,0.213636347587414,0.213636347587414,0.213636347587414,0.213636347587414,0.213636347587414,0.213636347587414,0.213636347587414,0.213636347587414,0.213636347587414,0.213636347587414,0.213636347587414,0.213636347587414,0.213636347587414,0.213636347587414,0.213636347587414,0.213636347587414,0.213636347587414,0.213636347587414,0.213636347587414,0.213636347587414,0.213636347587414,0.213636347587414,-0.884016558951857,NA,NA,NA,NA,NA,NA,NA,NA,NA,NA,NA,NA,NA,NA,NA,NA,NA,NA,NA,NA,NA,NA,NA,NA,1,1,1,1,1,1,1,1,1,1,1,1,1,1,1,1,1,1,1,1,1,1,1,1,1,1,1,1,1,1,1,1,1,NA,NA,NA,NA,NA,NA,NA,NA,NA,NA,NA,NA,NA,NA,NA,NA,NA,NA,NA,NA,NA,NA,NA,NA,1,6
"85",0.53914374458766,-0.824186481381686,-0.272034367228782,-0.157478260869565,-0.167642884195874,2.71950880448189,-1.21331243091364,0.213636347587414,0.213636347587414,0.213636347587414,0.213636347587414,0.213636347587414,0.213636347587414,0.213636347587414,0.213636347587414,0.213636347587414,0.213636347587414,0.213636347587414,0.213636347587414,0.213636347587414,0.213636347587414,0.213636347587414,0.213636347587414,0.213636347587414,0.213636347587414,0.213636347587414,0.213636347587414,0.213636347587414,0.213636347587414,0.213636347587414,0.213636347587414,0.213636347587414,0.213636347587414,0.213636347587414,0.213636347587414,0.213636347587414,0.213636347587414,0.213636347587414,0.213636347587414,0.213636347587414,0.213636347587414,0.213636347587414,0.213636347587414,0.213636347587414,0.213636347587414,0.213636347587414,0.213636347587414,0.213636347587414,0.213636347587414,0.213636347587414,-1.88836896843529,NA,NA,NA,NA,NA,NA,NA,NA,NA,NA,NA,NA,1,1,1,1,1,1,1,1,1,1,1,1,1,1,1,1,1,1,1,1,1,1,1,1,1,1,1,1,1,1,1,1,1,1,1,1,1,1,1,1,1,1,1,1,1,NA,NA,NA,NA,NA,NA,NA,NA,NA,NA,NA,NA,5,6
"86",0.321655079245923,-0.715487231607383,-0.274568746249182,-0.157478260869565,-0.167642884195874,2.71950880448189,-1.21331243091364,0.213636347587414,0.213636347587414,0.213636347587414,0.213636347587414,0.213636347587414,0.213636347587414,0.213636347587414,0.213636347587414,0.213636347587414,0.213636347587414,0.213636347587414,0.213636347587414,0.213636347587414,0.213636347587414,0.213636347587414,0.213636347587414,0.213636347587414,0.213636347587414,0.213636347587414,0.213636347587414,0.213636347587414,0.213636347587414,0.213636347587414,0.213636347587414,0.213636347587414,0.213636347587414,0.213636347587414,0.213636347587414,0.213636347587414,0.213636347587414,0.213636347587414,0.213636347587414,0.213636347587414,0.213636347587414,0.213636347587414,0.213636347587414,0.213636347587414,0.213636347587414,0.213636347587414,0.213636347587414,0.213636347587414,0.213636347587414,0.213636347587414,-2.71160864833974,NA,NA,NA,NA,NA,NA,NA,NA,NA,NA,NA,NA,1,1,1,1,1,1,1,1,1,1,1,1,1,1,1,1,1,1,1,1,1,1,1,1,1,1,1,1,1,1,1,1,1,1,1,1,1,1,1,1,1,1,1,1,1,NA,NA,NA,NA,NA,NA,NA,NA,NA,NA,NA,NA,5,6
"87",0.107618614941356,-0.709551777312781,-0.274568746249182,-0.157478260869565,-0.167642884195874,2.71950880448189,-1.2681950762406,0.213636347587414,0.213636347587414,0.213636347587414,0.213636347587414,0.213636347587414,0.213636347587414,0.213636347587414,0.213636347587414,0.213636347587414,0.213636347587414,0.213636347587414,0.213636347587414,0.213636347587414,0.213636347587414,0.213636347587414,0.213636347587414,0.213636347587414,0.213636347587414,0.213636347587414,-2.16278219507011,NA,NA,NA,NA,NA,NA,NA,NA,NA,NA,NA,NA,NA,NA,NA,NA,NA,NA,NA,NA,NA,NA,NA,NA,NA,NA,NA,NA,NA,NA,NA,NA,NA,NA,NA,NA,1,1,1,1,1,1,1,1,1,1,1,1,1,1,1,1,1,1,1,1,1,NA,NA,NA,NA,NA,NA,NA,NA,NA,NA,NA,NA,NA,NA,NA,NA,NA,NA,NA,NA,NA,NA,NA,NA,NA,NA,NA,NA,NA,NA,NA,NA,NA,NA,NA,NA,5,6
"88",-0.206531679441153,-0.775535733780052,-0.282610844382542,-0.157478260869565,-0.167642884195874,2.71950880448189,-1.43284301222149,0.213636347587414,0.213636347587414,0.213636347587414,0.213636347587414,0.213636347587414,0.213636347587414,0.213636347587414,0.213636347587414,0.213636347587414,0.213636347587414,0.213636347587414,0.213636347587414,0.213636347587414,0.213636347587414,0.213636347587414,0.213636347587414,0.213636347587414,0.213636347587414,0.213636347587414,-2.07496996254697,NA,NA,NA,NA,NA,NA,NA,NA,NA,NA,NA,NA,NA,NA,NA,NA,NA,NA,NA,NA,NA,NA,NA,NA,NA,NA,NA,NA,NA,NA,NA,NA,NA,NA,NA,NA,1,1,1,1,1,1,1,1,1,1,1,1,1,1,1,1,1,1,1,1,1,NA,NA,NA,NA,NA,NA,NA,NA,NA,NA,NA,NA,NA,NA,NA,NA,NA,NA,NA,NA,NA,NA,NA,NA,NA,NA,NA,NA,NA,NA,NA,NA,NA,NA,NA,NA,5,6
"89",-0.213436081515493,-0.781224096531831,-0.282610844382542,-0.157478260869565,-0.167642884195874,2.71950880448189,-1.43284301222149,0.213636347587414,0.213636347587414,0.213636347587414,0.213636347587414,0.213636347587414,0.213636347587414,0.213636347587414,0.213636347587414,0.213636347587414,0.213636347587414,0.213636347587414,0.213636347587414,0.213636347587414,0.213636347587414,0.213636347587414,0.213636347587414,0.213636347587414,0.213636347587414,0.213636347587414,0.213636347587414,0.213636347587414,0.213636347587414,0.213636347587414,0.213636347587414,0.213636347587414,0.213636347587414,0.213636347587414,0.213636347587414,0.213636347587414,0.213636347587414,0.213636347587414,0.213636347587414,0.213636347587414,0.213636347587414,0.213636347587414,0.213636347587414,0.213636347587414,0.213636347587414,0.213636347587414,0.213636347587414,0.213636347587414,0.213636347587414,0.213636347587414,-1.98166946549113,NA,NA,NA,NA,NA,NA,NA,NA,NA,NA,NA,NA,1,1,1,1,1,1,1,1,1,1,1,1,1,1,1,1,1,1,1,1,1,1,1,1,1,1,1,1,1,1,1,1,1,1,1,1,1,1,1,1,1,1,1,1,1,NA,NA,NA,NA,NA,NA,NA,NA,NA,NA,NA,NA,5,6
"90",-0.140939859734914,-0.858179968953782,-0.276283179115923,-0.157478260869565,-0.167642884195874,2.71950880448189,-1.48772565754846,0.213636347587414,0.213636347587414,0.213636347587414,0.213636347587414,0.213636347587414,0.213636347587414,0.213636347587414,0.213636347587414,0.213636347587414,0.213636347587414,0.213636347587414,0.213636347587414,0.213636347587414,0.213636347587414,0.213636347587414,0.213636347587414,0.213636347587414,0.213636347587414,0.213636347587414,0.213636347587414,0.213636347587414,0.213636347587414,0.213636347587414,0.213636347587414,0.213636347587414,0.213636347587414,0.213636347587414,0.213636347587414,0.213636347587414,0.213636347587414,0.213636347587414,0.213636347587414,0.213636347587414,0.213636347587414,0.213636347587414,0.213636347587414,0.213636347587414,0.213636347587414,0.213636347587414,0.213636347587414,0.213636347587414,0.213636347587414,0.213636347587414,-2.16278219507011,NA,NA,NA,NA,NA,NA,NA,NA,NA,NA,NA,NA,1,1,1,1,1,1,1,1,1,1,1,1,1,1,1,1,1,1,1,1,1,1,1,1,1,1,1,1,1,1,1,1,1,1,1,1,1,1,1,1,1,1,1,1,1,NA,NA,NA,NA,NA,NA,NA,NA,NA,NA,NA,NA,5,6
"91",1.33314998313686,-0.560681751395827,-0.358923812663465,-0.157478260869565,-0.167642884195874,2.71950880448189,-1.04866449493275,0.213636347587414,0.213636347587414,0.213636347587414,0.213636347587414,0.213636347587414,0.213636347587414,0.213636347587414,0.213636347587414,0.076429734270005,NA,NA,NA,NA,NA,NA,NA,NA,NA,NA,NA,NA,NA,NA,NA,NA,NA,NA,NA,NA,NA,NA,NA,NA,NA,NA,NA,NA,NA,NA,NA,NA,NA,NA,NA,NA,NA,NA,NA,NA,NA,NA,NA,NA,NA,NA,NA,1,1,1,1,1,1,1,1,1,1,NA,NA,NA,NA,NA,NA,NA,NA,NA,NA,NA,NA,NA,NA,NA,NA,NA,NA,NA,NA,NA,NA,NA,NA,NA,NA,NA,NA,NA,NA,NA,NA,NA,NA,NA,NA,NA,NA,NA,NA,NA,NA,NA,NA,NA,NA,NA,5,6
"92",1.39528960180593,-0.402585222124554,-0.433008846446062,-0.157478260869565,-0.167642884195874,2.71950880448189,-1.04866449493275,0.213636347587414,0.213636347587414,0.213636347587414,0.213636347587414,0.213636347587414,0.213636347587414,0.213636347587414,0.213636347587414,0.213636347587414,0.213636347587414,0.213636347587414,0.213636347587414,0.213636347587414,0.213636347587414,0.213636347587414,0.213636347587414,0.213636347587414,0.213636347587414,0.213636347587414,0.213636347587414,0.213636347587414,0.213636347587414,0.213636347587414,0.213636347587414,0.213636347587414,0.213636347587414,0.213636347587414,0.213636347587414,0.213636347587414,0.213636347587414,0.213636347587414,0.213636347587414,0.213636347587414,0.213636347587414,0.213636347587414,0.213636347587414,0.213636347587414,0.213636347587414,0.213636347587414,0.213636347587414,-8.56758690472675,NA,NA,NA,NA,NA,NA,NA,NA,NA,NA,NA,NA,NA,NA,NA,1,1,1,1,1,1,1,1,1,1,1,1,1,1,1,1,1,1,1,1,1,1,1,1,1,1,1,1,1,1,1,1,1,1,1,1,1,1,1,1,1,1,NA,NA,NA,NA,NA,NA,NA,NA,NA,NA,NA,NA,NA,NA,NA,5,6
"93",1.60587386507332,-0.406380968803653,-0.484201646201259,-0.157478260869565,-0.167642884195874,2.71950880448189,-1.15842978558667,0.213636347587414,0.213636347587414,0.213636347587414,0.213636347587414,0.213636347587414,0.213636347587414,0.213636347587414,0.213636347587414,0.213636347587414,0.213636347587414,0.213636347587414,0.213636347587414,0.213636347587414,0.213636347587414,-1.49870218661385,NA,NA,NA,NA,NA,NA,NA,NA,NA,NA,NA,NA,NA,NA,NA,NA,NA,NA,NA,NA,NA,NA,NA,NA,NA,NA,NA,NA,NA,NA,NA,NA,NA,NA,NA,NA,NA,NA,NA,NA,NA,1,1,1,1,1,1,1,1,1,1,1,1,1,1,1,1,NA,NA,NA,NA,NA,NA,NA,NA,NA,NA,NA,NA,NA,NA,NA,NA,NA,NA,NA,NA,NA,NA,NA,NA,NA,NA,NA,NA,NA,NA,NA,NA,NA,NA,NA,NA,NA,NA,NA,NA,NA,5,6
"94",-1.47694166111987,-0.201237158325655,0.964576949038642,-0.0374782608695652,2.00402662412067,-1.27489586238822,-1.10354714025971,0.213636347587414,0.213636347587414,0.213636347587414,0.213636347587414,0.213636347587414,0.213636347587414,0.213636347587414,0.213636347587414,0.213636347587414,-0.115659524374368,NA,NA,NA,NA,NA,NA,NA,NA,NA,NA,NA,NA,NA,NA,NA,NA,NA,NA,NA,NA,NA,NA,NA,NA,NA,NA,NA,NA,NA,NA,NA,NA,NA,NA,NA,NA,NA,NA,NA,NA,NA,NA,NA,NA,NA,NA,0,0,0,0,0,0,0,0,0,0,0,NA,NA,NA,NA,NA,NA,NA,NA,NA,NA,NA,NA,NA,NA,NA,NA,NA,NA,NA,NA,NA,NA,NA,NA,NA,NA,NA,NA,NA,NA,NA,NA,NA,NA,NA,NA,NA,NA,NA,NA,NA,NA,NA,NA,NA,NA,6,6
"95",-1.21802658333209,-0.429186992479457,0.932317451377019,-0.0374782608695652,2.00402662412067,-1.27489586238822,-1.04866449493275,0.213636347587414,0.213636347587414,0.213636347587414,0.213636347587414,0.213636347587414,0.213636347587414,0.213636347587414,0.213636347587414,0.213636347587414,0.213636347587414,0.213636347587414,0.213636347587414,0.213636347587414,-1.98166946549113,NA,NA,NA,NA,NA,NA,NA,NA,NA,NA,NA,NA,NA,NA,NA,NA,NA,NA,NA,NA,NA,NA,NA,NA,NA,NA,NA,NA,NA,NA,NA,NA,NA,NA,NA,NA,NA,NA,NA,NA,NA,NA,1,1,1,1,1,1,1,1,1,1,1,1,1,1,1,NA,NA,NA,NA,NA,NA,NA,NA,NA,NA,NA,NA,NA,NA,NA,NA,NA,NA,NA,NA,NA,NA,NA,NA,NA,NA,NA,NA,NA,NA,NA,NA,NA,NA,NA,NA,NA,NA,NA,NA,NA,NA,6,6
"96",-0.814119061983148,-0.484199032992047,0.928764351377831,-0.0374782608695652,2.00402662412067,-1.27489586238822,-1.21331243091364,0.213636347587414,0.213636347587414,0.213636347587414,0.213636347587414,0.213636347587414,0.213636347587414,0.213636347587414,0.213636347587414,0.213636347587414,0.213636347587414,0.213636347587414,0.213636347587414,-0.884016558951857,NA,NA,NA,NA,NA,NA,NA,NA,NA,NA,NA,NA,NA,NA,NA,NA,NA,NA,NA,NA,NA,NA,NA,NA,NA,NA,NA,NA,NA,NA,NA,NA,NA,NA,NA,NA,NA,NA,NA,NA,NA,NA,NA,0,0,0,0,0,0,0,0,0,0,0,0,0,0,NA,NA,NA,NA,NA,NA,NA,NA,NA,NA,NA,NA,NA,NA,NA,NA,NA,NA,NA,NA,NA,NA,NA,NA,NA,NA,NA,NA,NA,NA,NA,NA,NA,NA,NA,NA,NA,NA,NA,NA,NA,NA,NA,6,6
"97",-0.320454313667777,-0.356205613810136,0.893763417586299,-0.0374782608695652,2.00402662412067,-1.27489586238822,-1.32307772156757,0.213636347587414,0.213636347587414,0.213636347587414,0.213636347587414,0.213636347587414,0.213636347587414,0.213636347587414,0.213636347587414,0.213636347587414,0.213636347587414,0.213636347587414,0.213636347587414,0.213636347587414,0.213636347587414,-1.33954251516565,NA,NA,NA,NA,NA,NA,NA,NA,NA,NA,NA,NA,NA,NA,NA,NA,NA,NA,NA,NA,NA,NA,NA,NA,NA,NA,NA,NA,NA,NA,NA,NA,NA,NA,NA,NA,NA,NA,NA,NA,NA,0,0,0,0,0,0,0,0,0,0,0,0,0,0,0,0,NA,NA,NA,NA,NA,NA,NA,NA,NA,NA,NA,NA,NA,NA,NA,NA,NA,NA,NA,NA,NA,NA,NA,NA,NA,NA,NA,NA,NA,NA,NA,NA,NA,NA,NA,NA,NA,NA,NA,NA,NA,6,6
"98",-1.93953660010071,-0.478189976961285,0.947424338086852,-0.0374782608695652,2.00402662412067,-1.27489586238822,-1.10354714025971,0.213636347587414,0.213636347587414,0.213636347587414,0.213636347587414,0.213636347587414,0.213636347587414,0.213636347587414,0.213636347587414,0.213636347587414,0.213636347587414,0.213636347587414,0.213636347587414,0.213636347587414,0.213636347587414,0.213636347587414,0.213636347587414,0.213636347587414,0.213636347587414,0.213636347587414,-2.66770253207817,NA,NA,NA,NA,NA,NA,NA,NA,NA,NA,NA,NA,NA,NA,NA,NA,NA,NA,NA,NA,NA,NA,NA,NA,NA,NA,NA,NA,NA,NA,NA,NA,NA,NA,NA,NA,1,1,1,1,1,1,1,1,1,1,1,1,1,1,1,1,1,1,1,1,1,NA,NA,NA,NA,NA,NA,NA,NA,NA,NA,NA,NA,NA,NA,NA,NA,NA,NA,NA,NA,NA,NA,NA,NA,NA,NA,NA,NA,NA,NA,NA,NA,NA,NA,NA,NA,6,6
"99",-0.5862737935299,-0.280274908427554,0.895833988681397,-0.0374782608695652,2.00402662412067,-1.27489586238822,-1.15842978558667,0.213636347587414,0.213636347587414,0.213636347587414,0.213636347587414,0.213636347587414,0.213636347587414,0.213636347587414,0.213636347587414,0.213636347587414,0.213636347587414,0.213636347587414,0.213636347587414,0.213636347587414,0.213636347587414,0.103871056933487,NA,NA,NA,NA,NA,NA,NA,NA,NA,NA,NA,NA,NA,NA,NA,NA,NA,NA,NA,NA,NA,NA,NA,NA,NA,NA,NA,NA,NA,NA,NA,NA,NA,NA,NA,NA,NA,NA,NA,NA,NA,1,1,1,1,1,1,1,1,1,1,1,1,1,1,1,1,NA,NA,NA,NA,NA,NA,NA,NA,NA,NA,NA,NA,NA,NA,NA,NA,NA,NA,NA,NA,NA,NA,NA,NA,NA,NA,NA,NA,NA,NA,NA,NA,NA,NA,NA,NA,NA,NA,NA,NA,NA,6,6
"100",-0.272123499147391,-0.400151107564412,0.910460502897167,-0.0374782608695652,2.00402662412067,-1.27489586238822,-1.15842978558667,0.213636347587414,0.213636347587414,0.213636347587414,0.213636347587414,0.213636347587414,0.213636347587414,0.213636347587414,-2.53049591876076,NA,NA,NA,NA,NA,NA,NA,NA,NA,NA,NA,NA,NA,NA,NA,NA,NA,NA,NA,NA,NA,NA,NA,NA,NA,NA,NA,NA,NA,NA,NA,NA,NA,NA,NA,NA,NA,NA,NA,NA,NA,NA,NA,NA,NA,NA,NA,NA,0,0,0,0,0,0,0,0,0,NA,NA,NA,NA,NA,NA,NA,NA,NA,NA,NA,NA,NA,NA,NA,NA,NA,NA,NA,NA,NA,NA,NA,NA,NA,NA,NA,NA,NA,NA,NA,NA,NA,NA,NA,NA,NA,NA,NA,NA,NA,NA,NA,NA,NA,NA,NA,NA,6,6
"101",-1.04886873251074,-0.393306146101549,1.11663969026262,-0.0374782608695652,2.00402662412067,-1.27489586238822,-1.10354714025971,0.213636347587414,0.213636347587414,0.213636347587414,0.213636347587414,0.213636347587414,0.213636347587414,0.213636347587414,0.213636347587414,0.213636347587414,0.213636347587414,0.213636347587414,0.213636347587414,0.213636347587414,0.213636347587414,0.213636347587414,0.213636347587414,0.213636347587414,0.213636347587414,0.213636347587414,0.213636347587414,-1.61395574180047,NA,NA,NA,NA,NA,NA,NA,NA,NA,NA,NA,NA,NA,NA,NA,NA,NA,NA,NA,NA,NA,NA,NA,NA,NA,NA,NA,NA,NA,NA,NA,NA,NA,NA,NA,1,1,1,1,1,1,1,1,1,1,1,1,1,1,1,1,1,1,1,1,1,1,NA,NA,NA,NA,NA,NA,NA,NA,NA,NA,NA,NA,NA,NA,NA,NA,NA,NA,NA,NA,NA,NA,NA,NA,NA,NA,NA,NA,NA,NA,NA,NA,NA,NA,NA,6,6
"102",-1.2629051968153,-0.451987758888392,1.16493369048468,-0.0374782608695652,2.00402662412067,-1.27489586238822,-1.8719041748372,0.213636347587414,0.213636347587414,0.213636347587414,0.213636347587414,0.213636347587414,0.213636347587414,0.213636347587414,0.213636347587414,0.213636347587414,0.213636347587414,0.213636347587414,0.213636347587414,0.213636347587414,0.213636347587414,0.213636347587414,0.213636347587414,0.213636347587414,0.213636347587414,0.213636347587414,-1.15842978558667,NA,NA,NA,NA,NA,NA,NA,NA,NA,NA,NA,NA,NA,NA,NA,NA,NA,NA,NA,NA,NA,NA,NA,NA,NA,NA,NA,NA,NA,NA,NA,NA,NA,NA,NA,NA,1,1,1,1,1,1,1,1,1,1,1,1,1,1,1,1,1,1,1,1,1,NA,NA,NA,NA,NA,NA,NA,NA,NA,NA,NA,NA,NA,NA,NA,NA,NA,NA,NA,NA,NA,NA,NA,NA,NA,NA,NA,NA,NA,NA,NA,NA,NA,NA,NA,NA,6,6
"103",-1.45277625385968,-0.613317507283829,1.19294437625916,-0.0374782608695652,2.00402662412067,-1.27489586238822,-1.8719041748372,0.213636347587414,0.213636347587414,0.213636347587414,0.213636347587414,0.213636347587414,0.213636347587414,0.213636347587414,0.213636347587414,0.213636347587414,0.213636347587414,0.213636347587414,0.213636347587414,0.213636347587414,0.213636347587414,0.213636347587414,0.213636347587414,0.213636347587414,0.213636347587414,0.213636347587414,0.213636347587414,0.213636347587414,0.213636347587414,0.213636347587414,0.213636347587414,-0.746809945634448,NA,NA,NA,NA,NA,NA,NA,NA,NA,NA,NA,NA,NA,NA,NA,NA,NA,NA,NA,NA,NA,NA,NA,NA,NA,NA,NA,NA,NA,NA,NA,1,1,1,1,1,1,1,1,1,1,1,1,1,1,1,1,1,1,1,1,1,1,1,1,1,1,NA,NA,NA,NA,NA,NA,NA,NA,NA,NA,NA,NA,NA,NA,NA,NA,NA,NA,NA,NA,NA,NA,NA,NA,NA,NA,NA,NA,NA,NA,NA,6,6
"104",-1.72204793475897,-0.630771633287441,1.19320112707496,-0.0374782608695652,2.00402662412067,-1.27489586238822,-1.32307772156757,0.213636347587414,0.213636347587414,0.213636347587414,0.213636347587414,0.213636347587414,0.213636347587414,0.213636347587414,0.213636347587414,0.213636347587414,0.213636347587414,0.213636347587414,0.213636347587414,0.213636347587414,0.213636347587414,0.213636347587414,0.213636347587414,0.213636347587414,0.213636347587414,-2.71160864833974,NA,NA,NA,NA,NA,NA,NA,NA,NA,NA,NA,NA,NA,NA,NA,NA,NA,NA,NA,NA,NA,NA,NA,NA,NA,NA,NA,NA,NA,NA,NA,NA,NA,NA,NA,NA,NA,1,1,1,1,1,1,1,1,1,1,1,1,1,1,1,1,1,1,1,1,NA,NA,NA,NA,NA,NA,NA,NA,NA,NA,NA,NA,NA,NA,NA,NA,NA,NA,NA,NA,NA,NA,NA,NA,NA,NA,NA,NA,NA,NA,NA,NA,NA,NA,NA,NA,NA,6,6
"105",-1.84287497105994,-0.694006039182456,1.23370977997945,-0.0374782608695652,2.00402662412067,-1.27489586238822,-1.04866449493275,0.213636347587414,0.213636347587414,0.213636347587414,0.213636347587414,0.213636347587414,0.213636347587414,0.213636347587414,0.213636347587414,0.213636347587414,0.213636347587414,0.213636347587414,0.213636347587414,0.213636347587414,0.213636347587414,-9.66523981126602,NA,NA,NA,NA,NA,NA,NA,NA,NA,NA,NA,NA,NA,NA,NA,NA,NA,NA,NA,NA,NA,NA,NA,NA,NA,NA,NA,NA,NA,NA,NA,NA,NA,NA,NA,NA,NA,NA,NA,NA,NA,0,0,0,0,0,0,0,0,0,0,0,0,0,0,0,0,NA,NA,NA,NA,NA,NA,NA,NA,NA,NA,NA,NA,NA,NA,NA,NA,NA,NA,NA,NA,NA,NA,NA,NA,NA,NA,NA,NA,NA,NA,NA,NA,NA,NA,NA,NA,NA,NA,NA,NA,NA,6,6
"106",-0.306645509519095,0.593929712810597,0.529848124196297,-0.0374782608695652,2.00402662412067,-1.27489586238822,-1.10354714025971,0.213636347587414,0.213636347587414,0.213636347587414,0.213636347587414,0.213636347587414,0.213636347587414,0.213636347587414,0.213636347587414,0.213636347587414,0.213636347587414,0.213636347587414,0.213636347587414,0.213636347587414,0.213636347587414,0.213636347587414,0.213636347587414,0.213636347587414,0.213636347587414,0.213636347587414,0.213636347587414,0.213636347587414,0.213636347587414,-1.02122317226927,NA,NA,NA,NA,NA,NA,NA,NA,NA,NA,NA,NA,NA,NA,NA,NA,NA,NA,NA,NA,NA,NA,NA,NA,NA,NA,NA,NA,NA,NA,NA,NA,NA,0,0,0,0,0,0,0,0,0,0,0,0,0,0,0,0,0,0,0,0,0,0,0,0,NA,NA,NA,NA,NA,NA,NA,NA,NA,NA,NA,NA,NA,NA,NA,NA,NA,NA,NA,NA,NA,NA,NA,NA,NA,NA,NA,NA,NA,NA,NA,NA,NA,6,6
"107",-0.296288906407584,0.404578732005747,0.684072541643558,-0.0374782608695652,2.00402662412067,-1.27489586238822,-2.09143475614505,0.213636347587414,0.213636347587414,0.213636347587414,-0.884016558951857,NA,NA,NA,NA,NA,NA,NA,NA,NA,NA,NA,NA,NA,NA,NA,NA,NA,NA,NA,NA,NA,NA,NA,NA,NA,NA,NA,NA,NA,NA,NA,NA,NA,NA,NA,NA,NA,NA,NA,NA,NA,NA,NA,NA,NA,NA,NA,NA,NA,NA,NA,NA,0,0,0,0,0,NA,NA,NA,NA,NA,NA,NA,NA,NA,NA,NA,NA,NA,NA,NA,NA,NA,NA,NA,NA,NA,NA,NA,NA,NA,NA,NA,NA,NA,NA,NA,NA,NA,NA,NA,NA,NA,NA,NA,NA,NA,NA,NA,NA,NA,NA,NA,NA,NA,NA,NA,NA,6,6
"108",-0.358428525076651,0.288882060029393,0.754438829739361,-0.0374782608695652,2.00402662412067,-1.27489586238822,-1.32307772156757,0.213636347587414,0.213636347587414,0.213636347587414,0.213636347587414,0.213636347587414,0.213636347587414,0.213636347587414,0.213636347587414,0.213636347587414,0.213636347587414,0.213636347587414,0.213636347587414,0.213636347587414,0.213636347587414,0.213636347587414,0.213636347587414,0.213636347587414,-6.37228109164821,NA,NA,NA,NA,NA,NA,NA,NA,NA,NA,NA,NA,NA,NA,NA,NA,NA,NA,NA,NA,NA,NA,NA,NA,NA,NA,NA,NA,NA,NA,NA,NA,NA,NA,NA,NA,NA,NA,1,1,1,1,1,1,1,1,1,1,1,1,1,1,1,1,1,1,1,NA,NA,NA,NA,NA,NA,NA,NA,NA,NA,NA,NA,NA,NA,NA,NA,NA,NA,NA,NA,NA,NA,NA,NA,NA,NA,NA,NA,NA,NA,NA,NA,NA,NA,NA,NA,NA,NA,6,6
"109",-0.140939859734914,0.0143212978189565,0.924416152078126,-0.0374782608695652,2.00402662412067,-1.27489586238822,-1.43284301222149,0.213636347587414,0.213636347587414,0.213636347587414,0.213636347587414,0.213636347587414,0.213636347587414,0.213636347587414,0.213636347587414,0.213636347587414,0.213636347587414,0.213636347587414,0.213636347587414,0.213636347587414,0.213636347587414,0.213636347587414,0.213636347587414,0.213636347587414,0.213636347587414,0.213636347587414,0.213636347587414,0.213636347587414,0.213636347587414,-4.17697527856967,NA,NA,NA,NA,NA,NA,NA,NA,NA,NA,NA,NA,NA,NA,NA,NA,NA,NA,NA,NA,NA,NA,NA,NA,NA,NA,NA,NA,NA,NA,NA,NA,NA,1,1,1,1,1,1,1,1,1,1,1,1,1,1,1,1,1,1,1,1,1,1,1,1,NA,NA,NA,NA,NA,NA,NA,NA,NA,NA,NA,NA,NA,NA,NA,NA,NA,NA,NA,NA,NA,NA,NA,NA,NA,NA,NA,NA,NA,NA,NA,NA,NA,6,6
"110",-0.285932303296072,-0.201931117552304,1.04553627885696,-0.0374782608695652,2.00402662412067,-1.27489586238822,-1.43284301222149,0.213636347587414,0.213636347587414,0.213636347587414,0.213636347587414,0.213636347587414,0.213636347587414,0.213636347587414,0.213636347587414,0.213636347587414,0.213636347587414,0.213636347587414,0.213636347587414,0.213636347587414,0.213636347587414,0.213636347587414,0.213636347587414,0.213636347587414,0.213636347587414,0.213636347587414,0.213636347587414,0.213636347587414,0.213636347587414,0.213636347587414,0.213636347587414,-1.09257061119432,NA,NA,NA,NA,NA,NA,NA,NA,NA,NA,NA,NA,NA,NA,NA,NA,NA,NA,NA,NA,NA,NA,NA,NA,NA,NA,NA,NA,NA,NA,NA,1,1,1,1,1,1,1,1,1,1,1,1,1,1,1,1,1,1,1,1,1,1,1,1,1,1,NA,NA,NA,NA,NA,NA,NA,NA,NA,NA,NA,NA,NA,NA,NA,NA,NA,NA,NA,NA,NA,NA,NA,NA,NA,NA,NA,NA,NA,NA,NA,6,6
"111",-0.67257881945916,-0.497836383249086,1.21195221891216,-0.0374782608695652,2.00402662412067,-1.27489586238822,-1.54260830287542,0.213636347587414,0.213636347587414,0.213636347587414,0.213636347587414,0.213636347587414,0.213636347587414,0.213636347587414,0.213636347587414,0.213636347587414,0.213636347587414,0.213636347587414,0.213636347587414,0.213636347587414,0.213636347587414,0.213636347587414,0.213636347587414,0.213636347587414,-1.48772565754846,NA,NA,NA,NA,NA,NA,NA,NA,NA,NA,NA,NA,NA,NA,NA,NA,NA,NA,NA,NA,NA,NA,NA,NA,NA,NA,NA,NA,NA,NA,NA,NA,NA,NA,NA,NA,NA,NA,0,0,0,0,0,0,0,0,0,0,0,0,0,0,0,0,0,0,0,NA,NA,NA,NA,NA,NA,NA,NA,NA,NA,NA,NA,NA,NA,NA,NA,NA,NA,NA,NA,NA,NA,NA,NA,NA,NA,NA,NA,NA,NA,NA,NA,NA,NA,NA,NA,NA,NA,6,6
"112",0.552952548736341,0.491817818422597,0.656583639785041,-0.0374782608695652,2.00402662412067,-1.27489586238822,-1.10354714025971,0.213636347587414,0.213636347587414,0.213636347587414,0.213636347587414,0.213636347587414,0.213636347587414,0.213636347587414,0.213636347587414,0.213636347587414,0.213636347587414,-1.36698383782914,NA,NA,NA,NA,NA,NA,NA,NA,NA,NA,NA,NA,NA,NA,NA,NA,NA,NA,NA,NA,NA,NA,NA,NA,NA,NA,NA,NA,NA,NA,NA,NA,NA,NA,NA,NA,NA,NA,NA,NA,NA,NA,NA,NA,NA,1,1,1,1,1,1,1,1,1,1,1,1,NA,NA,NA,NA,NA,NA,NA,NA,NA,NA,NA,NA,NA,NA,NA,NA,NA,NA,NA,NA,NA,NA,NA,NA,NA,NA,NA,NA,NA,NA,NA,NA,NA,NA,NA,NA,NA,NA,NA,NA,NA,NA,NA,NA,NA,6,6
"113",0.656518579851454,0.740213163428221,0.550396471744047,-0.0374782608695652,2.00402662412067,-1.27489586238822,-1.10354714025971,0.213636347587414,0.213636347587414,0.213636347587414,0.213636347587414,0.213636347587414,0.213636347587414,0.213636347587414,0.213636347587414,0.213636347587414,0.213636347587414,0.213636347587414,0.213636347587414,0.213636347587414,0.213636347587414,0.213636347587414,0.213636347587414,0.213636347587414,0.213636347587414,-1.92678682016416,NA,NA,NA,NA,NA,NA,NA,NA,NA,NA,NA,NA,NA,NA,NA,NA,NA,NA,NA,NA,NA,NA,NA,NA,NA,NA,NA,NA,NA,NA,NA,NA,NA,NA,NA,NA,NA,1,1,1,1,1,1,1,1,1,1,1,1,1,1,1,1,1,1,1,1,NA,NA,NA,NA,NA,NA,NA,NA,NA,NA,NA,NA,NA,NA,NA,NA,NA,NA,NA,NA,NA,NA,NA,NA,NA,NA,NA,NA,NA,NA,NA,NA,NA,NA,NA,NA,NA,6,6
"114",0.584022358070875,0.464133051092771,0.678332918567948,-0.0374782608695652,2.00402662412067,-1.27489586238822,-1.21331243091364,0.213636347587414,0.213636347587414,0.213636347587414,0.213636347587414,-0.993781849605784,NA,NA,NA,NA,NA,NA,NA,NA,NA,NA,NA,NA,NA,NA,NA,NA,NA,NA,NA,NA,NA,NA,NA,NA,NA,NA,NA,NA,NA,NA,NA,NA,NA,NA,NA,NA,NA,NA,NA,NA,NA,NA,NA,NA,NA,NA,NA,NA,NA,NA,NA,1,1,1,1,1,1,NA,NA,NA,NA,NA,NA,NA,NA,NA,NA,NA,NA,NA,NA,NA,NA,NA,NA,NA,NA,NA,NA,NA,NA,NA,NA,NA,NA,NA,NA,NA,NA,NA,NA,NA,NA,NA,NA,NA,NA,NA,NA,NA,NA,NA,NA,NA,NA,NA,NA,NA,6,6
"115",0.842937435858657,0.670922386100627,0.632589861935048,-0.0374782608695652,2.00402662412067,-1.27489586238822,-1.32307772156757,0.213636347587414,0.213636347587414,0.213636347587414,0.213636347587414,0.213636347587414,0.213636347587414,0.213636347587414,0.213636347587414,0.213636347587414,0.213636347587414,0.213636347587414,0.213636347587414,0.213636347587414,0.213636347587414,0.213636347587414,0.213636347587414,0.213636347587414,-0.335190105682222,NA,NA,NA,NA,NA,NA,NA,NA,NA,NA,NA,NA,NA,NA,NA,NA,NA,NA,NA,NA,NA,NA,NA,NA,NA,NA,NA,NA,NA,NA,NA,NA,NA,NA,NA,NA,NA,NA,0,0,0,0,0,0,0,0,0,0,0,0,0,0,0,0,0,0,0,NA,NA,NA,NA,NA,NA,NA,NA,NA,NA,NA,NA,NA,NA,NA,NA,NA,NA,NA,NA,NA,NA,NA,NA,NA,NA,NA,NA,NA,NA,NA,NA,NA,NA,NA,NA,NA,NA,6,6
